RowNumber,CustomerId,Surname,CreditScore,Geography,Gender,Age,Tenure,Balance,NumOfProducts,HasCrCard,IsActiveMember,EstimatedSalary,Exited
1,75682867,Customer_0,460,Spain,Male,58,5,22843.53,2,0,0,93110.8,1
2,66755036,Customer_1,506,Spain,Female,66,3,78706.46,1,1,0,95100.8,1
3,66882282,Customer_2,638,Germany,Female,30,8,10763.1,3,1,1,66471.0,0
4,31081788,Customer_3,849,Germany,Male,51,5,195240.97,2,0,0,104706.1,1
5,23315092,Customer_4,827,Spain,Female,62,3,99556.95,1,1,1,36590.59,0
6,45788921,Customer_5,580,Germany,Female,39,2,110975.96,1,1,0,124624.55,1
7,36735830,Customer_6,760,France,Female,40,3,223398.65,3,0,0,26336.48,1
8,41632483,Customer_7,769,France,Female,68,2,164513.75,1,1,0,101840.19,1
9,86737383,Customer_8,506,France,Male,20,1,2014.78,2,0,1,57760.91,0
10,98358551,Customer_9,387,Spain,Male,59,4,235793.71,1,0,0,114651.82,1
11,98409749,Customer_10,790,France,Female,51,1,59286.12,1,1,1,86967.04,0
12,14981505,Customer_11,446,Germany,Female,49,5,26903.55,2,1,0,73329.43,0
13,23953367,Customer_12,834,Spain,Male,62,2,192032.04,1,0,1,33719.14,1
14,95652971,Customer_13,760,Germany,Female,68,5,125119.33,1,0,1,99155.0,1
15,14521373,Customer_14,788,France,Male,66,9,108442.64,1,0,0,146467.78,1
16,13344769,Customer_15,638,France,Female,38,8,62375.77,1,0,1,125584.48,0
17,86893497,Customer_16,603,France,Female,63,0,136867.87,2,0,1,18401.15,1
18,40349564,Customer_17,545,Spain,Male,61,5,68596.15,1,0,1,62672.11,0
19,52860080,Customer_18,435,Germany,Male,38,8,225395.75,2,1,1,139581.62,0
20,87751354,Customer_19,671,Spain,Male,61,3,53801.12,1,1,0,80426.12,1
21,72250665,Customer_20,359,Spain,Male,28,1,221088.79,1,1,0,102695.66,1
22,76209791,Customer_21,354,France,Female,56,3,139851.36,1,0,0,137763.91,1
23,56792155,Customer_22,472,Spain,Male,21,0,207122.03,1,1,1,132331.26,0
24,31498555,Customer_23,679,Spain,Female,68,2,178211.5,2,0,1,80254.85,1
25,70221198,Customer_24,702,France,Male,18,9,174173.78,2,0,0,71270.48,1
26,89757501,Customer_25,467,Spain,Male,45,8,81086.45,2,1,0,57556.97,0
27,26861870,Customer_26,643,France,Female,41,9,58474.23,3,0,1,110662.72,0
28,62286002,Customer_27,746,France,Male,52,4,52721.56,1,0,0,50178.15,1
29,42049003,Customer_28,508,France,Male,30,5,214297.91,1,0,0,44984.26,1
30,71136438,Customer_29,652,France,Male,64,2,205106.71,2,0,1,59874.99,1
31,72194931,Customer_30,577,Spain,Male,51,4,110143.38,3,0,0,34810.11,1
32,75285250,Customer_31,714,France,Female,28,7,33101.15,1,0,1,107316.77,0
33,79537252,Customer_32,565,France,Female,53,5,95563.06,2,1,0,96273.69,1
34,69248434,Customer_33,785,Spain,Male,68,3,154835.86,1,0,1,77602.99,1
35,71306900,Customer_34,533,Spain,Male,34,1,113600.79,1,0,1,64645.61,0
36,65831368,Customer_35,364,Germany,Male,52,8,195047.32,2,0,1,137268.76,1
37,20959014,Customer_36,506,Spain,Female,35,0,249405.71,2,0,1,14077.33,0
38,66972561,Customer_37,485,Spain,Female,57,0,47783.02,1,1,1,117675.08,0
39,58900483,Customer_38,610,Germany,Female,39,3,114912.7,1,1,0,136267.34,1
40,30193880,Customer_39,506,Spain,Female,41,6,107745.98,2,0,0,72489.64,1
41,13385357,Customer_40,396,Spain,Male,36,0,76123.13,1,0,0,87096.67,0
42,54738553,Customer_41,673,Spain,Male,54,8,49523.88,1,0,1,142224.92,0
43,78574553,Customer_42,681,Spain,Male,56,3,16423.03,2,1,0,39718.85,1
44,26845364,Customer_43,522,Germany,Female,38,2,221779.83,1,1,1,82818.88,0
45,62157313,Customer_44,479,Spain,Male,25,0,104962.17,1,1,1,76460.96,0
46,21392366,Customer_45,760,Spain,Female,45,9,124223.88,3,1,0,46174.97,1
47,79778859,Customer_46,444,Germany,Female,22,3,229235.51,2,0,1,124603.05,0
48,98883975,Customer_47,464,France,Male,34,8,194072.62,3,1,0,135944.08,1
49,23479854,Customer_48,592,Germany,Male,54,9,32625.32,3,1,1,119470.56,0
50,83506850,Customer_49,769,France,Male,53,5,141354.99,3,0,1,37350.25,1
51,23187277,Customer_50,641,Germany,Female,36,5,110563.07,1,0,0,22144.81,1
52,78979792,Customer_51,631,Germany,Female,44,0,199302.77,1,1,1,94762.23,0
53,47709731,Customer_52,648,Spain,Male,51,9,181058.14,3,1,0,17993.27,1
54,36939239,Customer_53,632,France,Male,28,1,172601.43,3,1,1,104195.62,0
55,33027075,Customer_54,418,Spain,Female,62,5,85136.21,3,1,0,84259.39,1
56,91200125,Customer_55,497,France,Male,64,1,201240.93,1,0,1,102790.0,1
57,96191493,Customer_56,360,Germany,Female,29,2,13097.82,3,0,0,92623.91,0
58,97796277,Customer_57,603,Germany,Female,38,3,39906.23,3,1,0,69178.36,0
59,76401385,Customer_58,679,France,Male,28,4,83905.82,2,1,1,38122.81,0
60,32335235,Customer_59,709,Spain,Male,56,8,19201.86,2,1,0,52798.3,1
61,10271836,Customer_60,387,Spain,Male,45,3,58748.57,1,1,1,83430.08,0
62,13584702,Customer_61,483,Spain,Male,22,8,207537.75,2,1,1,101261.53,0
63,62631083,Customer_62,549,Spain,Female,34,9,237062.88,2,0,0,119127.62,1
64,18585377,Customer_63,372,Germany,Female,37,2,76150.59,2,0,0,117403.9,0
65,96544585,Customer_64,652,Germany,Female,58,7,66128.95,1,0,0,146176.42,1
66,95157821,Customer_65,695,Germany,Male,63,0,69973.16,2,1,0,50017.8,1
67,97655395,Customer_66,651,Germany,Female,29,8,69429.77,1,1,0,19955.5,0
68,27824013,Customer_67,712,Germany,Male,23,8,8982.55,3,0,1,58391.97,0
69,46601694,Customer_68,745,Spain,Male,34,9,231729.09,2,0,0,114061.23,1
70,77105583,Customer_69,567,Spain,Male,68,1,53424.54,1,1,1,71335.63,0
71,70304654,Customer_70,490,Spain,Male,36,3,105001.02,2,0,0,124490.38,1
72,44119117,Customer_71,453,Spain,Male,43,7,2421.72,3,1,0,86905.69,0
73,46433622,Customer_72,795,Germany,Male,65,6,214488.77,1,1,0,140170.84,1
74,99482491,Customer_73,559,Germany,Female,61,0,182789.34,1,0,1,142700.88,1
75,70031992,Customer_74,822,Germany,Male,61,4,236689.01,1,0,0,19702.63,1
76,65105831,Customer_75,830,France,Female,69,6,195403.87,3,0,1,73897.88,1
77,13366612,Customer_76,460,Spain,Female,49,3,78426.63,3,1,1,95356.47,0
78,68743503,Customer_77,453,Spain,Male,23,0,61968.34,3,1,1,45822.16,0
79,46258670,Customer_78,665,Germany,Male,53,8,174429.08,1,0,0,66990.75,1
80,79739572,Customer_79,520,Spain,Male,55,4,91028.19,3,1,1,104875.42,0
81,65848857,Customer_80,809,Spain,Female,28,1,141553.75,2,1,0,41742.79,1
82,67055419,Customer_81,841,Germany,Male,50,7,1564.37,3,1,1,94277.39,0
83,59160571,Customer_82,705,France,Female,41,1,15471.43,1,0,0,107642.7,0
84,78394024,Customer_83,845,France,Male,40,2,133841.99,2,1,1,22669.48,0
85,74525468,Customer_84,673,France,Male,32,9,141517.91,3,0,0,79654.1,1
86,99966606,Customer_85,482,Germany,Female,44,0,187863.24,2,0,0,46831.2,1
87,48727468,Customer_86,725,Spain,Female,28,1,32991.33,2,1,0,111414.09,0
88,61757120,Customer_87,642,Germany,Male,68,6,128295.77,1,0,1,36537.77,1
89,77157848,Customer_88,677,Germany,Female,67,9,48611.91,2,1,1,134913.31,0
90,87897542,Customer_89,476,Spain,Female,34,1,23299.03,2,0,0,70331.79,0
91,83665032,Customer_90,455,France,Female,68,5,102623.95,1,0,1,37720.42,1
92,95390464,Customer_91,846,France,Female,31,2,40834.16,1,1,1,71323.05,0
93,58170987,Customer_92,441,Germany,Female,44,3,55445.49,1,0,1,67224.13,0
94,62562567,Customer_93,636,France,Male,35,7,79388.64,2,0,1,70048.65,0
95,33717335,Customer_94,727,Germany,Male,45,2,64847.1,2,0,1,91978.58,0
96,70472382,Customer_95,742,Germany,Female,68,9,21897.82,2,1,1,82964.32,0
97,22719242,Customer_96,400,Spain,Male,64,5,22479.06,1,1,1,30968.8,0
98,58715250,Customer_97,378,Spain,Male,64,0,48312.35,3,0,0,19181.07,1
99,93139152,Customer_98,811,Spain,Female,21,6,12639.8,2,0,0,112118.16,0
100,54054178,Customer_99,645,Germany,Male,24,7,156614.25,3,0,1,88360.44,0
101,48334882,Customer_100,646,Spain,Female,62,7,71831.68,1,1,0,60260.11,1
102,62441466,Customer_101,563,France,Female,52,2,69936.49,2,1,0,123170.1,1
103,59583876,Customer_102,616,France,Male,65,9,82999.57,3,0,0,64328.19,1
104,96117865,Customer_103,756,Germany,Female,26,0,165699.07,2,1,1,121435.11,0
105,73203558,Customer_104,606,Germany,Female,25,8,217658.47,2,1,1,52805.86,0
106,47407771,Customer_105,651,Spain,Female,69,5,189771.73,2,1,1,20198.34,1
107,93122310,Customer_106,450,Germany,Female,62,8,181882.31,3,1,1,140569.56,1
108,37009224,Customer_107,754,Germany,Female,34,6,121097.8,1,0,1,65237.16,0
109,61327755,Customer_108,695,France,Male,34,0,173451.39,2,1,0,120976.96,1
110,89018913,Customer_109,459,France,Male,66,0,138190.59,1,1,1,49080.18,1
111,17130144,Customer_110,769,Spain,Female,50,5,54062.63,1,0,0,100491.12,0
112,14545583,Customer_111,531,Germany,Female,49,4,52147.09,3,0,1,132263.52,0
113,64079037,Customer_112,820,Germany,Male,25,8,74098.0,3,1,0,15830.16,0
114,64474455,Customer_113,662,France,Female,36,1,227700.67,1,1,1,126289.01,0
115,51542436,Customer_114,350,Germany,Male,55,7,136853.71,2,0,1,89986.62,1
116,56626914,Customer_115,668,France,Female,20,4,183476.34,3,0,1,95046.05,0
117,63933927,Customer_116,787,Spain,Female,22,1,86639.69,2,0,1,83242.12,0
118,62453338,Customer_117,404,France,Female,30,9,101928.94,2,1,1,132426.51,0
119,24881728,Customer_118,720,Germany,Female,64,5,31391.39,2,1,1,16080.67,0
120,44045666,Customer_119,773,Spain,Female,63,9,42823.74,1,0,0,46543.97,1
121,22722094,Customer_120,748,France,Female,48,7,206839.14,2,1,1,132606.76,0
122,32178434,Customer_121,498,France,Female,33,3,146209.66,1,0,0,115328.4,1
123,56321408,Customer_122,780,Spain,Male,67,1,84383.12,1,1,1,12470.32,0
124,22796932,Customer_123,806,Spain,Male,49,4,200712.8,2,0,0,82380.88,1
125,84023414,Customer_124,658,France,Male,39,1,61629.98,2,0,0,84140.18,0
126,36063245,Customer_125,486,Germany,Female,46,1,244008.17,2,1,0,66123.5,1
127,49443226,Customer_126,551,France,Female,39,5,86204.4,2,1,0,51635.07,0
128,83619289,Customer_127,785,Spain,Female,60,9,84327.74,1,1,0,105441.48,1
129,17887739,Customer_128,662,France,Female,20,8,77977.98,2,1,0,39090.67,0
130,70736972,Customer_129,466,Spain,Female,27,3,30527.88,2,1,1,121852.8,0
131,71071026,Customer_130,503,Spain,Female,59,5,27784.29,1,1,0,122425.2,1
132,10769598,Customer_131,774,Germany,Female,38,6,162026.26,3,0,1,68136.6,0
133,99178975,Customer_132,640,Spain,Male,33,5,218779.51,3,1,1,49696.72,0
134,59007334,Customer_133,412,Spain,Female,29,7,197630.13,1,0,0,49742.95,1
135,38433648,Customer_134,593,Germany,Male,19,3,35276.9,3,0,0,77520.79,0
136,17971379,Customer_135,374,Spain,Male,58,0,136395.53,1,1,1,110741.09,1
137,13331068,Customer_136,439,Germany,Female,41,6,26397.89,2,0,0,60241.62,0
138,46810847,Customer_137,424,Germany,Female,52,2,11323.66,2,0,0,95406.07,1
139,44428803,Customer_138,643,Spain,Male,47,5,164096.46,3,1,0,63547.82,1
140,15654237,Customer_139,735,Spain,Male,47,1,133788.08,2,1,0,52633.25,1
141,71553124,Customer_140,740,France,Female,64,8,20505.92,3,1,0,13480.33,1
142,55816038,Customer_141,559,Germany,Female,52,0,8734.81,3,0,0,10547.97,1
143,27750764,Customer_142,824,France,Male,36,5,247439.1,2,1,0,41809.07,1
144,46898446,Customer_143,767,Spain,Female,67,5,7505.33,2,1,1,66896.88,0
145,33841962,Customer_144,696,France,Female,25,4,111132.06,3,1,0,129176.56,1
146,76834972,Customer_145,366,Germany,Female,43,4,126154.76,2,1,1,121787.79,0
147,53156515,Customer_146,477,France,Male,66,0,29320.04,1,0,1,47403.14,0
148,32993420,Customer_147,776,Germany,Male,57,9,42265.44,2,1,1,44235.66,0
149,72190751,Customer_148,792,Spain,Male,24,4,87951.25,2,0,1,41825.09,0
150,31970758,Customer_149,713,Spain,Female,47,1,190418.97,1,1,0,57493.23,1
151,46513466,Customer_150,600,Germany,Female,24,6,126770.61,2,0,1,79747.82,0
152,41288562,Customer_151,528,Spain,Male,20,2,159475.47,2,0,1,71413.49,0
153,31351509,Customer_152,531,Spain,Male,18,3,246293.64,3,0,1,40558.25,0
154,33484187,Customer_153,501,Spain,Male,53,2,192001.36,2,1,1,28263.2,1
155,71777469,Customer_154,374,Spain,Female,42,2,108590.37,2,0,1,11760.89,0
156,46093880,Customer_155,804,Germany,Male,54,3,111610.48,1,1,0,31554.85,1
157,60441204,Customer_156,529,France,Male,18,4,154693.02,3,1,0,108749.89,1
158,91752859,Customer_157,547,France,Female,32,0,166341.3,3,1,1,44109.4,0
159,54066131,Customer_158,693,Spain,Female,54,3,125177.73,3,1,0,75604.25,1
160,85415325,Customer_159,510,France,Female,30,7,161215.31,2,1,0,92782.16,1
161,45563453,Customer_160,526,France,Male,57,9,5883.12,3,0,1,134157.73,0
162,44755914,Customer_161,634,Spain,Female,25,6,107405.72,1,1,1,134439.71,0
163,60873983,Customer_162,412,Spain,Female,22,8,69734.52,3,0,1,114402.72,0
164,63892568,Customer_163,840,France,Male,26,4,32293.61,1,0,0,14921.98,0
165,33637222,Customer_164,499,Germany,Female,18,9,24886.63,3,0,1,90509.86,0
166,12484413,Customer_165,503,Spain,Male,53,3,150798.04,3,0,0,120121.69,1
167,80016224,Customer_166,505,Germany,Male,52,7,130900.14,1,0,0,12420.33,1
168,49449976,Customer_167,719,France,Female,19,8,63396.03,3,0,0,86955.85,0
169,99583549,Customer_168,818,Spain,Female,57,6,117737.51,3,0,1,130086.98,1
170,12235000,Customer_169,398,Germany,Female,40,6,123058.08,3,1,0,76374.29,1
171,33685747,Customer_170,804,Spain,Female,26,4,48752.25,2,0,1,10574.87,0
172,47876684,Customer_171,686,France,Female,51,3,163023.27,1,1,1,11541.87,1
173,82931048,Customer_172,433,Germany,Female,63,9,195229.84,3,0,1,68329.05,1
174,39859174,Customer_173,710,France,Male,31,0,197865.89,1,0,1,31701.21,0
175,46102853,Customer_174,526,France,Male,21,9,150617.46,1,0,1,103023.09,0
176,56159303,Customer_175,497,Spain,Female,47,9,127909.65,1,0,0,109231.9,1
177,22195226,Customer_176,467,Germany,Male,48,6,15251.79,3,1,0,34903.17,0
178,57936136,Customer_177,691,France,Female,55,0,71957.82,3,1,0,134394.66,1
179,79062973,Customer_178,825,France,Male,28,0,23317.86,1,1,0,71867.1,0
180,24421668,Customer_179,412,Germany,Male,52,4,240955.79,2,0,0,29998.43,1
181,31200096,Customer_180,538,France,Male,25,8,33770.04,1,0,1,116995.22,0
182,93375337,Customer_181,709,France,Female,20,5,37943.85,2,0,1,120596.43,0
183,33234510,Customer_182,398,Germany,Male,31,2,222394.15,1,1,0,99501.37,1
184,61715898,Customer_183,676,Germany,Female,30,2,235982.07,1,0,0,129485.18,1
185,55968757,Customer_184,606,Germany,Male,62,6,191457.26,1,1,0,113232.22,1
186,10061087,Customer_185,573,Germany,Male,49,5,1351.23,3,1,1,133508.8,0
187,90705119,Customer_186,490,Spain,Male,51,8,336.57,2,0,1,70744.33,0
188,76653416,Customer_187,827,Germany,Male,62,5,94525.19,2,0,1,114663.6,0
189,95382256,Customer_188,564,Spain,Male,36,4,35848.84,1,1,0,149965.22,0
190,20274621,Customer_189,784,Spain,Female,55,9,4596.54,3,1,0,111490.37,1
191,23022704,Customer_190,728,Spain,Female,33,6,116016.67,3,1,0,25985.73,1
192,26816569,Customer_191,789,France,Male,19,0,235765.47,2,0,0,82564.62,1
193,17654909,Customer_192,560,Spain,Male,57,6,80954.89,3,0,1,92228.69,0
194,47814054,Customer_193,667,Spain,Male,34,2,165285.17,2,0,0,34389.49,1
195,94302960,Customer_194,381,France,Male,51,8,163058.84,2,0,0,144804.83,1
196,25421040,Customer_195,507,France,Female,59,5,62770.03,2,0,0,34581.17,1
197,34210512,Customer_196,634,France,Male,33,8,162606.31,3,0,1,34858.11,0
198,82073914,Customer_197,654,Germany,Female,55,4,53083.49,2,1,1,138123.4,0
199,77922032,Customer_198,778,France,Male,19,6,30501.85,2,1,0,75128.76,0
200,43779713,Customer_199,826,France,Female,19,3,175345.82,1,1,1,18846.36,0
201,21506305,Customer_200,635,Spain,Male,43,6,28360.2,2,0,1,93746.25,0
202,30560091,Customer_201,493,France,Male,30,0,249227.3,2,1,1,94255.69,0
203,96881845,Customer_202,773,Germany,Female,64,6,45863.1,1,0,1,19030.11,0
204,17734102,Customer_203,368,France,Male,48,7,148535.47,1,0,1,146153.15,0
205,15674719,Customer_204,367,Germany,Male,51,4,102843.64,3,1,0,86164.2,1
206,18658144,Customer_205,606,France,Male,56,1,31596.61,2,0,0,88371.4,1
207,50163712,Customer_206,427,France,Female,20,4,6960.98,3,1,0,82816.16,0
208,99386386,Customer_207,720,France,Male,25,5,155683.07,3,1,1,95502.45,0
209,95447809,Customer_208,524,France,Male,40,1,201689.39,1,0,1,47001.97,0
210,98917675,Customer_209,847,Germany,Female,31,5,210503.92,3,1,1,50213.79,0
211,54165849,Customer_210,543,Germany,Female,44,5,120678.37,2,1,1,81587.47,0
212,82586911,Customer_211,825,Spain,Female,46,0,194363.87,1,1,0,122936.02,1
213,78227907,Customer_212,462,Germany,Male,56,0,168211.78,2,1,0,16981.04,1
214,88826934,Customer_213,463,France,Male,56,9,181063.63,2,0,0,94476.59,1
215,59905866,Customer_214,571,Spain,Male,18,2,123149.75,1,1,0,122948.94,1
216,91121402,Customer_215,515,Spain,Female,34,9,158352.94,2,1,0,31968.42,1
217,50657662,Customer_216,784,Spain,Male,58,9,201381.48,1,1,0,12103.16,1
218,16659908,Customer_217,668,France,Male,47,2,99471.04,2,0,1,53779.86,0
219,41378291,Customer_218,481,Germany,Female,30,3,201494.73,1,1,1,92340.12,0
220,73020641,Customer_219,734,France,Female,38,1,148004.21,3,0,0,29359.64,1
221,46634821,Customer_220,613,Spain,Female,36,8,41475.26,2,1,1,69657.13,0
222,29433354,Customer_221,762,France,Female,36,9,6171.04,1,1,0,87325.01,0
223,26887294,Customer_222,404,France,Female,42,6,90688.4,2,1,0,93843.63,0
224,83422991,Customer_223,708,Germany,Male,39,6,136674.08,2,0,1,48417.64,0
225,45562619,Customer_224,480,Germany,Female,48,5,209955.09,2,0,0,66004.15,1
226,45213498,Customer_225,637,Spain,Male,34,2,31871.42,1,0,0,118967.49,0
227,45703247,Customer_226,615,France,Male,40,5,200051.59,3,0,0,141770.06,1
228,50910172,Customer_227,807,France,Female,49,7,215752.26,3,0,1,130663.25,0
229,72744322,Customer_228,816,Germany,Female,27,7,37671.87,3,0,1,88999.69,0
230,67805563,Customer_229,715,France,Female,27,8,212898.58,1,1,1,67440.99,0
231,16404003,Customer_230,511,France,Male,53,0,247863.39,3,0,1,56613.93,1
232,81244178,Customer_231,729,France,Female,25,0,181709.71,1,1,0,27493.92,1
233,61939266,Customer_232,830,Germany,Female,69,2,196192.42,2,0,1,24917.17,1
234,43267858,Customer_233,436,Spain,Female,37,2,248603.82,2,0,1,106370.07,0
235,31114003,Customer_234,404,Spain,Female,49,9,151370.31,3,0,1,46371.22,0
236,96641503,Customer_235,825,France,Female,67,7,76971.6,1,1,0,45652.64,1
237,20421958,Customer_236,637,Spain,Male,31,9,209382.71,2,0,1,149747.31,0
238,87809459,Customer_237,527,Germany,Male,67,0,153621.44,1,0,1,36309.63,1
239,22984808,Customer_238,740,Germany,Male,45,1,145298.86,1,1,0,30728.37,1
240,24764960,Customer_239,698,Spain,Female,63,1,63408.89,2,1,0,23815.93,1
241,60402943,Customer_240,357,Spain,Female,69,2,189083.57,1,1,0,91172.75,1
242,86241446,Customer_241,670,France,Female,41,5,20416.82,2,1,0,97900.94,0
243,63777024,Customer_242,662,Spain,Male,32,0,231071.77,2,0,1,61131.91,0
244,93494666,Customer_243,596,France,Female,39,1,81455.87,2,1,0,84957.87,0
245,80721464,Customer_244,672,France,Female,47,0,31943.66,1,0,1,120375.93,0
246,94711896,Customer_245,821,Germany,Female,21,4,110591.63,2,0,1,124534.58,0
247,89214742,Customer_246,820,Germany,Male,30,6,10617.48,1,1,1,144107.69,0
248,53799966,Customer_247,792,Germany,Female,40,7,171156.55,2,0,1,125397.52,0
249,20047453,Customer_248,604,Germany,Male,25,9,225676.38,2,1,1,89077.8,0
250,45581225,Customer_249,677,Spain,Female,35,0,209315.75,3,0,0,35151.98,1
251,44109026,Customer_250,403,Germany,Male,29,6,31842.37,3,1,1,23966.9,0
252,52090758,Customer_251,598,Spain,Male,48,4,31567.78,3,1,1,17631.66,0
253,26037627,Customer_252,588,Germany,Male,31,9,203358.62,1,1,1,103313.62,0
254,90337039,Customer_253,578,Spain,Female,51,0,231063.57,1,1,0,123055.08,1
255,30281689,Customer_254,416,France,Female,35,2,115167.46,2,1,1,81215.75,0
256,67631343,Customer_255,400,Spain,Male,51,6,124742.78,2,1,1,17659.98,1
257,81450611,Customer_256,446,Spain,Male,28,9,79565.51,2,0,0,84965.88,0
258,56510960,Customer_257,441,Germany,Female,58,0,223566.28,2,0,1,141004.9,1
259,42797855,Customer_258,844,Spain,Female,29,6,161225.73,1,0,1,93665.85,0
260,44795514,Customer_259,613,France,Male,66,4,72062.89,2,1,0,123319.85,1
261,15184502,Customer_260,767,France,Female,32,0,74695.72,2,0,1,122021.37,0
262,33448674,Customer_261,640,Germany,Female,48,0,222800.02,3,1,1,140498.07,0
263,65223954,Customer_262,445,France,Female,66,0,3408.51,2,0,1,117832.03,0
264,40948143,Customer_263,437,Spain,Female,46,8,80681.64,2,0,1,114678.07,0
265,22503247,Customer_264,427,France,Male,43,2,138589.17,2,1,1,42774.37,0
266,64006163,Customer_265,637,Germany,Female,35,4,37054.37,1,0,0,18389.52,0
267,61910807,Customer_266,469,Spain,Female,49,9,23024.69,3,0,0,82463.93,0
268,64847136,Customer_267,651,Germany,Male,39,8,203819.08,2,0,0,27420.79,1
269,83150359,Customer_268,840,Spain,Male,55,5,223601.1,2,1,1,144707.42,1
270,40831219,Customer_269,749,France,Female,34,8,205901.61,3,0,1,50589.47,0
271,33101383,Customer_270,801,Germany,Female,40,7,224696.97,2,1,1,129412.19,0
272,27569187,Customer_271,849,Germany,Female,41,7,138277.99,1,0,0,64267.45,1
273,64710375,Customer_272,514,Spain,Female,67,0,203064.53,2,0,1,55247.19,1
274,64456147,Customer_273,531,Germany,Male,25,8,96010.66,1,0,1,140922.2,0
275,88110973,Customer_274,818,Spain,Male,58,5,166566.97,1,0,1,60865.16,1
276,49501026,Customer_275,747,Spain,Male,23,8,247208.88,2,1,0,64640.31,1
277,43163773,Customer_276,572,Spain,Female,22,2,56431.93,3,0,0,24852.85,0
278,21310552,Customer_277,660,Spain,Female,61,2,97474.94,1,1,1,103862.53,0
279,41146082,Customer_278,781,France,Female,46,5,120011.84,3,1,1,50437.52,0
280,31104792,Customer_279,815,Spain,Female,45,8,34503.87,2,0,1,91984.58,0
281,31739356,Customer_280,356,Germany,Male,28,6,20259.65,1,0,0,92789.24,0
282,21471761,Customer_281,679,France,Male,18,2,207430.72,2,1,0,110687.96,1
283,29576703,Customer_282,612,Germany,Female,60,2,244198.59,3,1,0,114333.81,1
284,85092305,Customer_283,510,France,Male,36,1,101181.27,2,0,1,82023.34,0
285,82429249,Customer_284,500,Spain,Female,26,8,21912.46,2,0,0,56338.87,0
286,28877237,Customer_285,434,France,Female,44,2,16452.94,1,0,1,127243.13,0
287,56918818,Customer_286,496,France,Male,51,4,222829.55,2,0,1,53381.19,1
288,33705256,Customer_287,461,Germany,Female,61,8,115953.56,2,0,0,81051.27,1
289,94504547,Customer_288,730,Germany,Female,21,7,80006.83,2,1,1,66175.36,0
290,87633091,Customer_289,752,Spain,Male,53,1,119115.32,1,0,0,129710.97,1
291,89452960,Customer_290,385,France,Female,35,2,79576.02,3,0,1,70468.59,0
292,65403796,Customer_291,634,France,Female,32,1,122258.94,3,1,1,64053.89,0
293,33508102,Customer_292,537,France,Male,68,7,214889.1,2,0,0,106575.32,1
294,19405634,Customer_293,431,Spain,Female,30,5,148075.34,1,0,1,94341.76,0
295,15853584,Customer_294,351,Spain,Male,36,5,173663.44,2,1,1,25014.56,0
296,34947744,Customer_295,734,Spain,Female,66,8,91167.67,3,0,1,81143.63,0
297,58491183,Customer_296,652,Spain,Male,23,7,184626.47,1,1,1,112966.97,0
298,47856186,Customer_297,546,Spain,Male,65,3,166654.27,3,0,1,148890.47,1
299,58673237,Customer_298,753,Germany,Male,29,3,29890.5,3,0,1,98080.56,0
300,75293686,Customer_299,360,France,Female,68,8,143160.71,1,0,1,61841.03,1
301,11983509,Customer_300,583,France,Male,54,0,64185.87,1,1,1,41661.22,0
302,28298917,Customer_301,735,France,Male,34,1,201023.92,2,1,0,132196.23,1
303,53563237,Customer_302,544,France,Male,40,1,106484.43,2,1,0,124039.13,1
304,87729132,Customer_303,820,France,Male,43,5,248671.04,3,1,1,42749.19,0
305,87275698,Customer_304,468,France,Male,46,3,23125.11,1,0,1,38088.49,0
306,83214389,Customer_305,745,France,Female,50,9,195086.97,1,1,0,110119.15,1
307,36365210,Customer_306,369,France,Female,44,2,168425.43,2,1,1,54093.29,0
308,68245345,Customer_307,610,Germany,Female,42,2,191874.71,3,1,0,52895.83,1
309,37180308,Customer_308,642,France,Female,27,2,76882.45,3,0,0,31320.63,0
310,21326237,Customer_309,771,Germany,Female,64,5,123013.62,2,0,0,46956.57,1
311,96343264,Customer_310,605,Spain,Female,40,7,199127.13,1,1,1,69851.06,0
312,71864219,Customer_311,571,France,Female,38,6,58135.33,2,1,1,112597.37,0
313,64434670,Customer_312,742,Spain,Male,38,3,56508.3,2,0,1,57083.13,0
314,97692768,Customer_313,575,Spain,Female,60,3,137762.74,2,1,0,56004.61,1
315,43255876,Customer_314,402,Spain,Male,30,9,130890.89,2,1,0,49887.86,1
316,59114107,Customer_315,777,Germany,Male,54,1,70565.62,1,1,0,76959.71,1
317,25900476,Customer_316,704,Spain,Female,50,0,74518.91,2,1,1,35289.14,0
318,50820227,Customer_317,849,Spain,Male,41,8,69461.29,1,0,0,77988.3,0
319,89688895,Customer_318,691,Spain,Male,61,1,192878.02,2,0,0,108584.58,1
320,97927856,Customer_319,713,France,Male,28,7,162975.22,3,0,1,14170.67,0
321,63059071,Customer_320,629,France,Male,34,8,208104.3,1,1,0,11369.11,1
322,99595920,Customer_321,430,Germany,Female,21,3,243868.26,3,1,0,20517.21,1
323,22707035,Customer_322,551,Germany,Female,64,7,118541.07,2,0,1,84992.41,1
324,15130397,Customer_323,507,France,Female,42,8,16673.47,2,0,1,129623.71,0
325,80560220,Customer_324,469,Germany,Female,47,9,12023.08,2,0,0,10683.83,0
326,46998516,Customer_325,408,France,Female,26,9,73916.26,1,1,1,141132.58,0
327,46481541,Customer_326,843,Spain,Female,38,4,233136.15,3,0,0,24878.99,1
328,76385640,Customer_327,564,Spain,Female,37,6,130803.26,1,1,1,127877.69,0
329,76880548,Customer_328,477,Germany,Female,36,9,67946.63,1,1,0,77599.67,0
330,88384476,Customer_329,573,France,Female,36,3,99791.7,2,0,1,102310.03,0
331,52058334,Customer_330,558,France,Female,29,0,149648.78,3,0,0,81495.62,1
332,59742523,Customer_331,719,Germany,Male,54,2,163237.41,2,1,1,76786.75,1
333,49769056,Customer_332,464,France,Female,59,4,38479.88,1,0,1,126885.92,0
334,65174259,Customer_333,558,Spain,Male,34,2,244257.92,2,0,1,115824.09,0
335,66688830,Customer_334,363,Germany,Male,54,6,136193.06,3,1,1,77676.31,1
336,53369428,Customer_335,358,Germany,Male,65,8,33922.08,2,1,1,25629.03,0
337,24650271,Customer_336,389,France,Male,56,5,223408.81,3,1,1,26156.41,1
338,41725526,Customer_337,799,Germany,Female,45,9,18659.61,3,1,1,122215.52,0
339,89348896,Customer_338,586,France,Male,58,0,226933.86,2,1,0,84114.69,1
340,28992383,Customer_339,630,France,Female,52,6,249141.41,1,0,0,77422.48,1
341,80995266,Customer_340,708,France,Female,64,2,175107.95,2,1,1,105279.36,1
342,66877183,Customer_341,550,France,Male,65,4,192611.81,1,1,1,130237.82,1
343,94574185,Customer_342,595,France,Female,35,9,84325.71,1,1,0,98042.24,0
344,11989173,Customer_343,627,Germany,Male,31,3,235394.21,2,0,0,116798.71,1
345,46635193,Customer_344,584,Spain,Male,52,9,132428.49,1,1,1,117137.87,1
346,42474983,Customer_345,843,Spain,Female,61,4,183097.11,1,1,0,59876.6,1
347,43999533,Customer_346,353,Germany,Female,58,4,231026.93,2,1,0,48371.65,1
348,24716695,Customer_347,503,Germany,Male,24,5,243794.99,2,0,1,122162.97,0
349,73967150,Customer_348,791,Spain,Female,58,9,208301.09,2,1,1,62805.03,1
350,73981206,Customer_349,378,Spain,Female,30,9,75754.38,1,1,1,136467.04,0
351,74785345,Customer_350,458,Spain,Female,35,5,241636.88,3,1,0,19756.7,1
352,27882750,Customer_351,447,Spain,Male,54,7,157029.88,1,0,1,18150.45,1
353,88725274,Customer_352,564,Spain,Male,30,7,232660.62,3,0,1,139780.58,0
354,70303849,Customer_353,642,France,Female,53,8,169026.26,2,0,0,100783.69,1
355,20192257,Customer_354,424,Germany,Female,48,7,76809.74,3,0,1,63143.91,0
356,53167705,Customer_355,675,France,Female,19,1,92506.13,2,1,0,115708.46,0
357,31130343,Customer_356,495,Spain,Female,33,9,137617.94,2,1,0,104125.75,1
358,50869792,Customer_357,477,Spain,Female,26,0,197503.71,3,0,0,84368.15,1
359,59913224,Customer_358,690,Spain,Male,26,9,79495.64,2,0,0,23842.27,0
360,74356138,Customer_359,391,France,Female,55,1,144932.79,3,1,0,123705.14,1
361,77607727,Customer_360,705,France,Male,28,1,86406.25,2,1,0,131243.25,0
362,63007836,Customer_361,390,Spain,Female,39,2,203942.35,1,0,1,34103.62,0
363,75541801,Customer_362,771,France,Male,50,9,116682.02,1,0,1,129071.63,0
364,68114585,Customer_363,383,France,Female,53,6,19180.71,2,0,1,132898.62,0
365,36658609,Customer_364,366,Spain,Male,62,1,41513.13,2,0,0,86920.01,1
366,86294551,Customer_365,514,France,Female,40,0,15276.17,3,1,1,101865.07,0
367,40024204,Customer_366,502,Germany,Male,62,5,124825.74,1,0,0,63513.22,1
368,92008891,Customer_367,835,Germany,Male,62,8,26584.32,3,0,1,49450.83,0
369,58715257,Customer_368,727,Germany,Male,51,2,28534.99,2,1,0,111077.64,1
370,32268806,Customer_369,425,Germany,Male,26,5,235262.07,2,1,1,130662.52,0
371,16512440,Customer_370,436,Spain,Male,41,2,218163.77,3,1,0,101570.86,1
372,22431395,Customer_371,466,Spain,Male,25,0,113021.65,2,1,1,81622.69,0
373,83208492,Customer_372,711,Spain,Female,24,4,246451.33,1,1,0,32249.47,1
374,39093907,Customer_373,691,Germany,Male,53,9,46.63,3,0,1,17484.22,0
375,46253447,Customer_374,818,Germany,Female,35,3,153494.86,1,0,0,72396.85,1
376,72134783,Customer_375,376,France,Female,20,6,154107.04,1,0,1,16908.94,0
377,72460303,Customer_376,662,France,Female,45,5,114360.76,1,1,1,89706.85,0
378,93831437,Customer_377,636,Germany,Female,23,9,99236.99,3,0,1,63582.09,0
379,74447435,Customer_378,483,Germany,Female,61,6,113845.78,2,1,0,116006.48,1
380,59895282,Customer_379,568,Germany,Male,61,4,103740.11,1,0,0,52790.79,1
381,12503771,Customer_380,517,Germany,Male,38,3,182623.12,1,0,0,93017.58,1
382,80286689,Customer_381,447,France,Male,45,6,33838.86,1,1,0,85275.69,0
383,10996161,Customer_382,617,Germany,Female,57,6,49409.81,2,1,0,10659.74,1
384,14183839,Customer_383,586,France,Male,18,5,45129.56,2,0,1,20134.52,0
385,77775190,Customer_384,658,Germany,Male,53,7,65617.65,3,0,0,50651.55,1
386,77758014,Customer_385,804,Germany,Male,38,3,131314.6,2,0,1,133512.91,0
387,30153173,Customer_386,743,Germany,Male,60,9,27802.19,3,0,1,30582.09,0
388,77227698,Customer_387,522,France,Male,52,4,217042.32,3,0,0,109525.21,1
389,58939582,Customer_388,750,France,Female,30,3,74340.38,3,1,1,146271.32,0
390,66224957,Customer_389,759,Spain,Male,66,0,40634.5,3,1,0,120679.46,1
391,32725756,Customer_390,818,Germany,Female,27,7,168905.33,3,1,0,44012.35,1
392,81531065,Customer_391,825,Spain,Female,61,0,9521.58,1,1,0,137171.14,1
393,11079600,Customer_392,539,Spain,Female,64,4,154992.14,2,0,1,23035.0,1
394,36191539,Customer_393,471,France,Female,27,5,174549.61,1,0,0,75539.87,1
395,42576169,Customer_394,395,France,Female,63,5,53729.13,3,1,0,134255.87,1
396,53381573,Customer_395,413,Spain,Male,30,4,10491.02,2,0,0,99777.2,0
397,80612021,Customer_396,479,Germany,Male,54,2,90911.34,1,1,1,67910.24,0
398,35050090,Customer_397,659,France,Male,55,4,24648.56,1,0,0,50993.8,1
399,18849851,Customer_398,712,Germany,Female,41,7,29119.46,3,0,1,62513.92,0
400,70779108,Customer_399,542,Germany,Male,19,1,63565.31,1,0,1,81251.85,0
401,76009351,Customer_400,656,Spain,Male,39,5,73866.98,1,1,0,54666.15,0
402,95871668,Customer_401,530,Spain,Female,34,8,132492.59,1,1,1,145655.5,0
403,94890726,Customer_402,641,Spain,Female,53,7,169597.97,1,1,1,140630.87,1
404,97753580,Customer_403,720,Spain,Female,31,7,148192.74,1,1,0,131894.01,1
405,39549535,Customer_404,631,France,Female,27,7,37090.08,3,0,0,69056.18,0
406,10449395,Customer_405,378,France,Male,52,6,43021.51,3,0,0,106782.25,1
407,31921117,Customer_406,498,Spain,Female,42,7,219692.31,1,0,1,136396.1,0
408,50308782,Customer_407,616,France,Female,20,5,139588.08,3,0,0,129060.13,1
409,61592034,Customer_408,645,Spain,Male,64,1,217484.46,3,1,1,68005.78,1
410,63386038,Customer_409,360,Germany,Male,55,1,92886.63,2,0,1,25734.05,0
411,67351079,Customer_410,513,Germany,Female,34,7,153600.0,1,0,1,20588.25,0
412,41530803,Customer_411,462,Germany,Male,29,0,130915.85,3,0,1,90788.97,0
413,43266319,Customer_412,536,Spain,Female,69,5,79780.87,3,1,1,99967.91,0
414,40503180,Customer_413,644,Germany,Female,41,5,117478.84,1,1,0,128977.96,1
415,13379569,Customer_414,581,France,Male,46,3,125622.72,2,1,0,50952.1,1
416,80009467,Customer_415,576,Germany,Male,60,9,50192.74,1,0,1,33445.87,0
417,54910237,Customer_416,659,Germany,Female,42,2,78752.59,2,1,1,63060.82,0
418,52165906,Customer_417,447,Germany,Female,53,2,197852.44,1,0,0,59500.52,1
419,69855504,Customer_418,404,France,Female,43,0,228947.06,1,0,0,28545.65,1
420,99473854,Customer_419,460,Spain,Male,55,2,89948.52,1,0,1,104119.57,0
421,16319707,Customer_420,501,France,Female,18,3,76743.07,1,1,1,81216.87,0
422,78532150,Customer_421,595,Spain,Female,37,4,48799.29,2,1,0,110957.19,0
423,13695961,Customer_422,755,Spain,Female,45,2,169622.79,2,0,0,59376.76,1
424,88911293,Customer_423,418,Germany,Female,33,5,80774.93,3,0,1,55598.31,0
425,46396424,Customer_424,661,Spain,Female,64,4,246937.38,1,1,0,76160.62,1
426,14294539,Customer_425,638,France,Male,34,2,81421.2,2,1,0,132837.03,0
427,21609076,Customer_426,599,France,Female,57,5,98534.01,2,1,1,15639.38,0
428,83204793,Customer_427,385,Spain,Female,45,5,150833.55,2,0,1,122676.59,0
429,48498937,Customer_428,588,Germany,Female,29,7,200421.07,1,0,1,61658.27,0
430,10803328,Customer_429,497,Germany,Female,44,1,117379.67,3,0,0,129646.66,1
431,30840174,Customer_430,816,France,Male,59,0,105664.01,2,1,1,122308.42,1
432,11043233,Customer_431,576,Germany,Male,64,3,248909.46,1,1,0,58826.57,1
433,87209213,Customer_432,593,Spain,Male,47,6,2623.41,2,1,1,107142.71,0
434,10529525,Customer_433,840,Spain,Female,58,9,223766.32,2,0,1,32348.59,1
435,26953831,Customer_434,686,France,Female,51,2,37285.21,3,0,0,135479.42,1
436,66996736,Customer_435,795,Spain,Male,54,2,196481.32,2,1,0,66628.75,1
437,84583311,Customer_436,714,France,Male,23,4,154482.89,2,0,1,73787.59,0
438,81709884,Customer_437,840,Spain,Male,24,4,85461.82,1,1,1,108806.27,0
439,92235366,Customer_438,831,France,Female,49,9,218468.74,1,0,0,124917.63,1
440,13699391,Customer_439,550,Germany,Female,49,2,3226.81,3,1,1,43087.98,0
441,87183765,Customer_440,503,Spain,Male,42,8,56672.66,1,0,0,102589.02,0
442,58487260,Customer_441,799,Spain,Male,50,3,141723.2,1,0,0,64879.73,1
443,67338102,Customer_442,422,France,Male,24,2,87885.57,3,1,1,61618.41,0
444,80721474,Customer_443,550,France,Female,69,1,152594.37,2,1,0,106603.62,1
445,25192217,Customer_444,645,Spain,Female,29,9,6027.55,3,1,0,64205.66,0
446,62496015,Customer_445,366,France,Female,33,8,29114.73,1,1,0,58455.19,0
447,20292658,Customer_446,478,Spain,Male,33,3,31774.06,3,1,1,127024.38,0
448,43698788,Customer_447,566,Germany,Male,60,2,47320.91,2,0,0,24178.66,1
449,71819576,Customer_448,410,France,Female,53,6,114832.86,3,1,1,104624.97,1
450,73362116,Customer_449,776,Spain,Male,30,7,188032.17,1,1,1,44821.56,0
451,11748014,Customer_450,453,Germany,Female,24,1,226384.71,1,1,1,12169.75,0
452,50711152,Customer_451,391,Germany,Male,53,6,208843.13,3,0,0,33347.0,1
453,60296557,Customer_452,374,Spain,Male,64,4,49221.97,2,1,0,94932.61,1
454,56216125,Customer_453,388,France,Male,68,4,110287.64,3,1,1,109277.81,1
455,79397491,Customer_454,640,Spain,Male,26,2,49852.9,2,1,1,12948.09,0
456,91949124,Customer_455,480,Germany,Female,49,4,66117.95,2,0,0,15099.56,0
457,33295179,Customer_456,847,Spain,Male,28,1,125886.75,3,0,1,136355.9,0
458,83706383,Customer_457,578,France,Female,25,3,17027.26,2,1,1,20262.81,0
459,27541337,Customer_458,457,Germany,Female,50,5,54543.58,1,0,0,135185.5,0
460,67399769,Customer_459,521,Spain,Female,40,0,233844.54,3,1,1,41943.23,0
461,30279846,Customer_460,784,France,Male,42,9,116529.07,2,0,0,113602.49,1
462,20970723,Customer_461,827,Germany,Female,25,3,111346.63,1,1,0,53362.65,1
463,82807712,Customer_462,451,France,Female,62,5,3641.79,3,0,1,130225.28,0
464,82193785,Customer_463,703,Germany,Female,39,8,61849.94,1,1,0,108063.68,0
465,60018037,Customer_464,361,Spain,Male,21,1,216573.11,1,1,0,66253.88,1
466,53351876,Customer_465,624,France,Male,57,6,41157.11,1,0,0,20682.34,1
467,60166883,Customer_466,450,Germany,Female,20,5,103781.23,2,1,1,112578.03,0
468,70361505,Customer_467,393,France,Male,46,1,3582.73,3,1,1,96363.87,0
469,56787763,Customer_468,792,France,Female,58,7,119583.87,3,1,1,10407.64,1
470,75732489,Customer_469,654,Spain,Female,46,6,5255.28,2,1,0,11318.78,0
471,13693305,Customer_470,794,France,Male,51,4,204902.39,3,0,0,123231.02,1
472,23470137,Customer_471,366,Germany,Female,51,4,206213.44,1,1,1,46315.96,1
473,14466271,Customer_472,679,Germany,Male,45,6,196935.55,3,0,1,99058.71,0
474,64717184,Customer_473,406,Germany,Male,30,8,70841.02,2,0,0,73590.02,0
475,44907127,Customer_474,660,Germany,Female,32,8,209309.3,1,0,1,130880.2,0
476,20495300,Customer_475,846,Spain,Male,40,8,135749.53,2,0,1,138374.56,0
477,38709379,Customer_476,652,France,Male,61,5,93452.03,1,1,1,149553.08,0
478,44654999,Customer_477,361,Spain,Female,43,9,156332.49,1,1,1,31515.78,0
479,37451727,Customer_478,667,France,Female,21,5,3085.26,3,0,1,130814.97,0
480,84815222,Customer_479,429,France,Male,43,2,35740.22,1,1,0,47242.99,0
481,38997889,Customer_480,565,France,Male,57,0,185573.38,2,0,1,92714.22,1
482,58978079,Customer_481,688,Spain,Female,26,6,61040.4,3,1,1,80808.2,0
483,21726298,Customer_482,613,France,Male,22,3,149502.28,2,1,0,12518.34,1
484,94607827,Customer_483,828,Spain,Male,49,0,96275.65,1,1,0,140587.98,0
485,65723671,Customer_484,498,Germany,Male,37,7,213701.44,2,0,0,20965.79,1
486,99843595,Customer_485,430,Germany,Male,67,5,238103.83,2,0,0,106350.65,1
487,66564401,Customer_486,564,France,Male,28,5,220891.18,1,1,1,119900.96,0
488,56673570,Customer_487,834,Spain,Male,32,1,67655.0,3,0,1,121340.3,0
489,88547323,Customer_488,723,Germany,Male,49,0,48540.72,2,0,1,28969.23,0
490,25033888,Customer_489,813,Spain,Female,45,1,118608.72,1,1,1,72659.79,0
491,99132960,Customer_490,547,Spain,Female,39,3,1833.54,3,0,0,126120.04,0
492,71704882,Customer_491,549,France,Female,58,1,6452.35,3,1,0,52375.09,1
493,44958762,Customer_492,374,Germany,Female,34,0,138322.66,3,1,1,75484.81,0
494,27028708,Customer_493,815,France,Female,43,6,130112.35,2,1,1,48191.14,0
495,14035851,Customer_494,438,France,Male,61,7,248645.5,2,0,1,74897.2,1
496,57685442,Customer_495,617,Germany,Male,24,5,50460.46,2,1,1,134297.31,0
497,44045504,Customer_496,492,Germany,Male,59,3,64525.98,3,1,0,73717.39,1
498,92396202,Customer_497,408,Spain,Male,43,5,28385.16,2,0,1,87827.68,0
499,45610155,Customer_498,759,Germany,Female,42,2,229385.75,1,0,0,66556.68,1
500,39469068,Customer_499,838,Spain,Male,27,7,194452.81,2,0,0,74416.41,1
501,40185054,Customer_500,714,Spain,Male,62,9,205584.78,2,0,0,12124.39,1
502,19702701,Customer_501,375,Spain,Female,36,1,225690.95,3,1,0,49724.37,1
503,88262145,Customer_502,396,Germany,Male,28,4,131225.0,2,0,1,71121.44,0
504,43127676,Customer_503,637,France,Male,30,0,112798.3,1,0,1,98731.58,0
505,12976242,Customer_504,615,Spain,Female,25,5,82597.87,3,0,1,73007.27,0
506,47317456,Customer_505,365,France,Male,57,1,147303.65,1,0,1,57294.39,1
507,37812615,Customer_506,548,France,Male,21,3,113569.6,3,1,0,64333.82,1
508,54653148,Customer_507,750,Germany,Male,64,5,112891.4,3,0,0,43921.07,1
509,14833177,Customer_508,756,France,Male,48,9,234231.97,2,1,0,139429.2,1
510,18454561,Customer_509,631,France,Male,45,7,246007.88,1,0,1,83044.05,0
511,55932658,Customer_510,818,Germany,Female,28,7,199121.1,3,1,0,11877.32,1
512,12597480,Customer_511,435,Spain,Female,60,5,189189.52,2,1,0,12722.48,1
513,33151417,Customer_512,599,France,Female,18,3,170139.54,3,0,0,146214.63,1
514,49673332,Customer_513,740,Germany,Female,66,7,41518.71,3,1,0,41003.12,1
515,29699313,Customer_514,619,France,Female,64,7,14776.46,3,0,1,122785.16,0
516,26934380,Customer_515,684,France,Female,69,9,172681.58,3,1,0,18158.54,1
517,20617244,Customer_516,466,Spain,Male,55,0,182196.56,3,1,0,138962.78,1
518,44086263,Customer_517,356,France,Female,41,3,11743.25,3,1,1,132418.38,0
519,80098339,Customer_518,486,Germany,Female,64,3,232012.94,2,0,1,89953.04,1
520,60234072,Customer_519,720,France,Male,48,6,22785.16,3,1,1,11259.81,0
521,13369720,Customer_520,525,Spain,Male,58,6,71475.13,1,0,0,46093.52,1
522,81819939,Customer_521,677,Spain,Female,63,7,168097.45,2,1,0,66955.17,1
523,83963364,Customer_522,847,Germany,Male,67,4,42468.15,1,1,0,74408.98,1
524,12640328,Customer_523,664,Spain,Female,43,6,13853.97,3,1,0,51675.03,0
525,35856919,Customer_524,564,France,Male,66,7,82786.62,1,1,1,14612.7,0
526,67658082,Customer_525,826,Spain,Female,67,8,191492.89,3,1,0,92617.84,1
527,65395426,Customer_526,431,Germany,Male,22,2,103419.67,3,1,0,83381.65,1
528,37348975,Customer_527,572,Spain,Male,37,2,163243.23,2,0,1,49620.09,0
529,21552291,Customer_528,827,Spain,Female,69,3,144904.77,2,0,1,15316.64,1
530,10070640,Customer_529,721,Spain,Female,58,4,5554.62,3,0,1,149243.19,0
531,87498463,Customer_530,772,Germany,Female,28,9,247135.0,2,1,0,77478.07,1
532,72976036,Customer_531,832,Spain,Female,50,0,10357.02,1,0,0,115840.59,0
533,95241611,Customer_532,751,Spain,Female,67,6,241950.68,2,1,0,73323.96,1
534,13741196,Customer_533,792,France,Male,55,8,137466.04,2,0,0,16043.84,1
535,29511512,Customer_534,839,Germany,Female,44,7,240789.76,1,0,0,53344.1,1
536,93692386,Customer_535,452,Spain,Female,51,4,28688.4,2,1,1,54815.42,0
537,50260456,Customer_536,622,Germany,Male,32,3,122602.13,3,1,1,127369.41,0
538,21720477,Customer_537,363,Spain,Male,49,6,42376.02,1,0,0,101592.2,0
539,23217648,Customer_538,508,Spain,Female,38,4,12743.72,3,0,0,48560.19,0
540,32558781,Customer_539,501,Spain,Male,63,6,154382.28,1,0,0,145483.59,1
541,69946863,Customer_540,832,France,Male,22,0,51945.86,3,0,0,55015.86,0
542,72784216,Customer_541,457,France,Female,23,0,146924.25,3,1,0,149752.76,1
543,42425301,Customer_542,537,France,Male,55,9,28091.12,2,0,1,149462.92,0
544,80373772,Customer_543,650,Germany,Male,39,2,82996.62,3,1,1,36769.47,0
545,98146618,Customer_544,447,Germany,Female,35,1,195408.14,2,1,1,53783.76,0
546,36778642,Customer_545,480,France,Female,31,1,109262.88,1,0,0,78046.19,1
547,70995760,Customer_546,642,Germany,Male,27,6,156936.35,3,1,0,102974.09,1
548,56547339,Customer_547,520,Spain,Male,63,9,161864.49,3,0,1,83926.64,1
549,24573458,Customer_548,773,Spain,Female,30,1,210938.76,1,1,1,145721.81,0
550,57911176,Customer_549,823,Spain,Male,48,3,81230.7,1,1,0,111358.48,0
551,39264326,Customer_550,532,France,Male,47,1,171823.89,3,0,1,39686.28,0
552,92896667,Customer_551,820,Germany,Male,20,5,240403.95,1,1,1,24713.66,0
553,63953229,Customer_552,713,France,Female,47,7,182560.83,2,1,0,106376.18,1
554,98132318,Customer_553,388,Germany,Male,23,9,122467.62,1,0,1,32183.34,0
555,66294783,Customer_554,364,Spain,Male,46,3,157679.36,1,1,1,120274.76,0
556,69145779,Customer_555,725,France,Female,25,4,184920.72,3,1,1,53545.13,0
557,56977874,Customer_556,846,Germany,Male,61,3,153068.94,2,0,0,55765.06,1
558,39365614,Customer_557,353,Germany,Male,62,2,4168.95,1,0,1,11511.77,0
559,99268367,Customer_558,698,Spain,Female,60,4,48693.37,2,1,1,108141.58,0
560,57010676,Customer_559,819,France,Female,61,8,202617.05,2,1,1,25857.77,1
561,61371106,Customer_560,758,France,Female,50,7,68162.66,2,1,0,118203.28,0
562,47327243,Customer_561,746,France,Female,34,7,182890.53,3,0,0,78861.5,1
563,79426200,Customer_562,559,Spain,Male,65,7,93030.05,1,1,1,119799.17,0
564,79872506,Customer_563,510,France,Male,28,7,130471.08,3,1,0,91749.72,1
565,20198499,Customer_564,365,Spain,Female,30,6,16993.32,1,1,1,21540.66,0
566,47342772,Customer_565,842,Spain,Female,67,7,45306.39,1,1,0,117191.33,1
567,54362902,Customer_566,775,Spain,Male,28,7,239299.24,3,1,0,19771.93,1
568,10197775,Customer_567,457,Germany,Female,48,7,222534.51,2,1,1,77018.24,0
569,45940920,Customer_568,731,France,Male,45,9,163068.78,2,0,1,34128.89,0
570,94673574,Customer_569,799,France,Female,61,6,114911.15,1,0,1,115326.92,1
571,33614649,Customer_570,660,Spain,Male,23,0,168940.32,3,1,0,137622.77,1
572,88507230,Customer_571,576,Spain,Female,58,3,154652.57,2,1,1,87577.66,1
573,27310852,Customer_572,519,France,Female,33,3,142138.06,2,0,0,83800.62,1
574,88535842,Customer_573,383,Spain,Male,21,4,14794.27,1,0,0,116954.85,0
575,64564054,Customer_574,763,France,Female,52,9,158200.65,1,0,1,10711.03,1
576,72989020,Customer_575,600,Germany,Male,65,5,192230.01,3,1,0,138486.21,1
577,40773482,Customer_576,596,Spain,Male,43,3,248520.41,1,1,1,37642.83,0
578,88733130,Customer_577,618,France,Male,29,1,2769.64,2,1,0,147776.64,0
579,87273675,Customer_578,490,Spain,Male,28,5,182543.36,2,1,1,113075.55,0
580,12276360,Customer_579,623,France,Male,54,7,142947.33,2,0,0,118395.16,1
581,59437769,Customer_580,765,France,Female,42,7,108513.04,2,0,0,101868.42,1
582,41665404,Customer_581,445,Spain,Female,35,6,31892.54,3,0,1,76032.85,0
583,95218477,Customer_582,576,Germany,Male,36,5,102271.29,3,0,0,90027.88,1
584,67849484,Customer_583,728,France,Female,40,1,88594.3,1,1,1,16496.4,0
585,26434343,Customer_584,388,France,Male,55,6,75707.47,1,1,0,97354.33,1
586,54079273,Customer_585,651,France,Female,35,4,182719.91,1,0,0,97653.73,1
587,50201137,Customer_586,849,Germany,Female,43,5,175181.38,3,0,0,134768.11,1
588,82571674,Customer_587,378,Germany,Female,23,9,147255.02,2,0,1,80791.89,0
589,90497273,Customer_588,795,Spain,Female,21,7,234666.2,1,0,1,20800.21,0
590,90954884,Customer_589,846,Germany,Male,61,7,87463.6,2,0,1,52867.43,0
591,67235484,Customer_590,826,Spain,Male,68,2,60950.48,1,1,1,101788.12,0
592,72182821,Customer_591,667,Spain,Female,46,6,163975.83,1,1,1,43496.24,0
593,86835154,Customer_592,594,Germany,Female,51,0,49703.52,1,0,0,49273.9,1
594,90768647,Customer_593,585,Spain,Male,34,0,78752.63,1,0,0,124865.66,0
595,93273068,Customer_594,534,Germany,Female,60,6,56150.61,1,0,1,91804.76,0
596,33020885,Customer_595,621,Spain,Male,60,9,17288.39,2,1,0,81193.84,1
597,11286643,Customer_596,789,Germany,Male,33,8,206874.69,1,1,0,54583.28,1
598,87031056,Customer_597,585,Germany,Male,19,6,63635.14,2,1,0,112329.93,0
599,51869822,Customer_598,588,Spain,Female,51,9,118256.88,3,0,0,50280.58,1
600,16200646,Customer_599,726,France,Male,25,4,10828.82,1,1,1,113188.89,0
601,84092760,Customer_600,615,Spain,Female,30,7,174834.87,2,0,0,19814.21,1
602,24509187,Customer_601,763,Germany,Male,59,1,82640.25,3,1,1,131035.79,0
603,37780899,Customer_602,758,France,Female,25,8,186184.18,3,1,1,79939.3,0
604,15409861,Customer_603,708,Spain,Female,47,5,103100.77,3,1,0,71391.12,1
605,98825083,Customer_604,689,Spain,Female,49,8,48938.9,2,0,1,95543.28,0
606,65478034,Customer_605,738,Spain,Male,53,1,128293.77,1,0,0,97386.89,1
607,22831595,Customer_606,414,France,Male,64,2,32626.14,1,1,0,28484.92,1
608,85524262,Customer_607,827,Germany,Female,47,7,110134.79,2,0,0,115872.7,1
609,87189210,Customer_608,526,Spain,Female,18,0,79326.37,1,0,1,48629.96,0
610,10448345,Customer_609,352,Spain,Female,60,9,227989.9,2,0,1,136694.66,1
611,86246546,Customer_610,778,Spain,Male,56,6,15232.18,1,0,1,124499.09,0
612,84936358,Customer_611,491,Spain,Male,34,6,173504.35,3,0,0,58477.25,1
613,25814828,Customer_612,725,Spain,Male,37,0,45687.79,1,0,0,123083.5,0
614,58763532,Customer_613,507,Germany,Male,41,8,79761.27,2,0,0,59894.67,0
615,48538877,Customer_614,847,Germany,Female,67,7,103878.52,2,1,1,24132.68,1
616,83851335,Customer_615,673,Spain,Female,39,3,227003.77,3,0,0,144664.35,1
617,54196734,Customer_616,495,France,Male,46,9,60644.57,2,0,0,101364.28,0
618,99630668,Customer_617,795,Germany,Male,39,4,22827.2,1,1,1,73853.93,0
619,90558427,Customer_618,642,France,Female,61,1,79672.4,1,1,1,65688.27,0
620,48503931,Customer_619,502,Germany,Male,26,8,26168.99,3,1,1,55458.75,0
621,29164528,Customer_620,781,Spain,Male,54,5,32149.12,2,1,0,147402.66,1
622,97580056,Customer_621,542,Germany,Male,27,2,143462.65,3,0,0,28864.62,1
623,30812709,Customer_622,786,Spain,Male,53,6,15225.48,1,1,0,54072.71,1
624,99589817,Customer_623,843,Germany,Male,54,8,7732.72,3,1,1,77969.67,0
625,62203051,Customer_624,812,Spain,Male,45,2,178603.53,2,0,1,76919.94,0
626,49301804,Customer_625,422,Spain,Female,45,1,90411.77,3,0,1,75991.31,0
627,14848287,Customer_626,748,Spain,Male,59,6,31343.84,2,0,1,34609.73,0
628,61152700,Customer_627,654,Spain,Male,60,6,63403.19,2,1,0,30290.55,1
629,53750190,Customer_628,726,France,Female,38,3,160521.63,1,0,0,45667.46,1
630,79334164,Customer_629,693,Spain,Female,41,8,68884.14,1,1,0,138033.66,0
631,62187215,Customer_630,801,France,Female,59,7,123630.28,1,0,0,25827.42,1
632,88998740,Customer_631,489,France,Male,57,0,30423.83,2,0,0,116039.51,1
633,65257851,Customer_632,536,Spain,Female,19,0,147023.41,3,1,0,116056.78,1
634,58518372,Customer_633,642,France,Male,25,4,79019.42,2,0,0,123367.86,0
635,22842659,Customer_634,410,Germany,Male,65,5,156742.11,1,0,0,134126.17,1
636,43978002,Customer_635,834,Spain,Male,44,2,202098.72,1,0,1,46825.06,0
637,12373139,Customer_636,776,France,Female,39,8,152911.6,3,0,1,41438.33,0
638,65553464,Customer_637,729,Spain,Female,54,9,73936.89,1,0,0,75170.79,1
639,52801198,Customer_638,547,Spain,Female,44,5,63935.93,1,1,1,47112.48,0
640,28892008,Customer_639,644,Spain,Female,46,3,81855.24,1,1,0,112803.4,0
641,45427853,Customer_640,789,France,Female,20,6,41155.13,3,0,0,99031.54,0
642,66882318,Customer_641,668,Germany,Male,61,7,45292.96,2,1,1,132498.28,0
643,83190814,Customer_642,651,Germany,Male,30,8,197672.78,1,1,0,21583.36,1
644,20986868,Customer_643,693,France,Male,62,5,96183.14,3,1,0,138111.67,1
645,50480309,Customer_644,360,Spain,Male,27,5,108998.8,1,0,0,51068.81,1
646,49521538,Customer_645,411,France,Female,53,7,148512.37,3,0,0,78697.21,1
647,88815702,Customer_646,682,France,Female,26,4,147413.37,1,0,0,71405.6,1
648,70972984,Customer_647,575,France,Male,44,2,16844.22,3,1,0,116443.63,0
649,48673354,Customer_648,502,Spain,Female,51,2,207885.2,1,1,0,68846.66,1
650,65454431,Customer_649,548,France,Female,68,5,44331.64,2,0,1,142097.44,0
651,75557447,Customer_650,401,Spain,Male,18,1,180767.91,1,0,1,136354.74,0
652,93845477,Customer_651,609,France,Male,49,5,193167.75,3,1,0,132102.56,1
653,87982667,Customer_652,408,Germany,Female,42,5,178724.88,1,1,1,19976.17,0
654,65860631,Customer_653,421,France,Female,46,7,144744.41,2,0,0,129596.13,1
655,67681017,Customer_654,497,France,Male,24,6,3652.25,1,1,0,119428.96,0
656,12667867,Customer_655,698,Germany,Male,66,7,90093.87,3,1,0,24491.81,1
657,66987271,Customer_656,412,Spain,Male,20,8,151209.86,3,1,0,25038.01,1
658,51241273,Customer_657,659,Spain,Female,37,5,96862.82,2,1,1,24162.93,0
659,55718843,Customer_658,722,France,Male,37,2,215869.97,3,1,1,11586.56,0
660,78452891,Customer_659,592,Germany,Male,47,9,77200.57,1,1,1,86808.8,0
661,75432283,Customer_660,842,Spain,Female,52,2,73383.7,1,1,1,146275.2,0
662,81275364,Customer_661,715,France,Female,52,0,66499.42,1,0,0,71415.86,1
663,34244264,Customer_662,679,Germany,Female,66,4,83195.22,3,0,1,85706.05,0
664,52734307,Customer_663,456,Spain,Female,56,3,139351.24,1,1,0,145515.77,1
665,84993343,Customer_664,575,Spain,Female,44,8,176753.82,1,1,0,45725.51,1
666,77606426,Customer_665,662,Germany,Male,43,8,165641.98,1,1,1,130185.84,0
667,55791733,Customer_666,567,Germany,Male,31,4,201929.45,2,0,0,86494.67,1
668,14578238,Customer_667,774,Germany,Female,34,9,221478.5,3,0,1,89726.71,0
669,30814992,Customer_668,590,Germany,Female,35,3,204019.76,3,1,1,58044.34,0
670,31288948,Customer_669,608,France,Female,62,6,4736.35,3,0,1,88621.81,0
671,15562067,Customer_670,725,Germany,Female,69,5,183979.49,2,1,1,20239.95,1
672,48791628,Customer_671,611,Spain,Female,46,3,52099.89,3,1,1,117050.1,0
673,37345820,Customer_672,354,Spain,Male,37,9,33232.01,2,1,0,49856.29,0
674,45154828,Customer_673,610,France,Male,44,1,159622.2,2,1,1,134265.17,0
675,30088365,Customer_674,403,Spain,Male,35,0,79935.8,3,1,1,61499.1,0
676,68842658,Customer_675,396,Spain,Male,21,3,14279.29,1,1,0,29995.38,0
677,53109628,Customer_676,564,Germany,Female,18,3,34407.43,1,1,1,107423.42,0
678,23021573,Customer_677,526,Spain,Male,67,0,232.35,3,0,1,33040.94,0
679,62827729,Customer_678,358,France,Female,18,5,225805.91,3,1,0,115515.27,1
680,54620658,Customer_679,448,Germany,Female,43,3,6154.5,2,0,0,145535.71,0
681,39933823,Customer_680,369,Germany,Female,62,0,52363.94,3,1,1,119137.4,0
682,90155332,Customer_681,727,France,Male,37,0,104065.7,2,1,0,13142.89,1
683,94461358,Customer_682,590,Germany,Female,69,0,89142.83,3,0,1,93984.01,0
684,65519128,Customer_683,410,Germany,Male,40,7,227931.47,1,0,0,107357.49,1
685,61509697,Customer_684,728,France,Male,27,9,10072.24,1,1,1,125564.17,0
686,96966281,Customer_685,839,Germany,Female,28,7,128053.68,3,0,1,17840.32,0
687,17136029,Customer_686,768,France,Female,58,1,170119.87,2,1,1,77215.1,1
688,97350522,Customer_687,527,France,Female,58,6,232924.49,1,1,0,84951.92,1
689,69994988,Customer_688,687,Spain,Male,22,7,155092.81,2,0,1,33677.48,0
690,46869124,Customer_689,411,Spain,Female,18,7,200938.81,3,0,0,55142.97,1
691,31496823,Customer_690,494,Germany,Male,34,9,20931.23,3,0,1,71631.04,0
692,16285088,Customer_691,565,Germany,Female,39,6,96484.88,1,0,1,126649.36,0
693,59907857,Customer_692,352,France,Female,51,4,93486.78,3,1,1,140117.06,0
694,89569119,Customer_693,509,Germany,Male,62,0,221572.05,1,0,1,97979.2,1
695,81021806,Customer_694,576,France,Male,58,8,37842.79,2,0,1,65292.33,0
696,17468810,Customer_695,835,France,Male,46,6,37971.54,1,0,0,45564.34,0
697,11635156,Customer_696,618,Germany,Male,21,1,82139.54,1,0,0,147498.93,0
698,35301054,Customer_697,469,France,Male,22,5,13616.51,2,0,0,147622.8,0
699,87264088,Customer_698,730,Spain,Male,28,1,45614.51,1,1,1,139496.77,0
700,15001045,Customer_699,844,Germany,Female,68,0,241302.41,1,1,1,119993.68,1
701,81572282,Customer_700,438,Spain,Female,38,6,107045.98,3,0,0,55609.14,1
702,38267184,Customer_701,678,Germany,Male,52,1,158004.8,2,0,1,124380.07,1
703,14345760,Customer_702,417,France,Female,29,1,181527.81,1,1,1,67231.02,0
704,33930984,Customer_703,747,Germany,Male,43,4,91740.35,2,0,1,55748.23,0
705,46805730,Customer_704,706,Spain,Female,68,4,36806.77,2,1,0,114281.15,1
706,48019582,Customer_705,447,France,Female,36,6,51645.25,1,1,0,21151.55,0
707,68720660,Customer_706,616,Germany,Male,62,0,78316.62,3,0,0,16798.78,1
708,65229238,Customer_707,454,Germany,Male,24,7,159017.11,2,1,0,72713.52,1
709,28100699,Customer_708,789,Germany,Male,64,2,99570.14,1,0,0,72389.43,1
710,11722320,Customer_709,672,Spain,Female,24,3,1703.67,2,0,1,135390.18,0
711,23298372,Customer_710,472,Spain,Male,43,8,130851.8,3,1,1,27661.43,0
712,39702914,Customer_711,825,Germany,Female,57,3,230378.35,3,1,1,27259.75,1
713,91550308,Customer_712,378,France,Male,22,9,203019.4,3,0,1,30643.36,0
714,41657524,Customer_713,486,France,Female,38,4,206302.84,1,1,0,14163.08,1
715,41206052,Customer_714,544,Spain,Female,31,6,198764.5,1,0,0,20042.44,1
716,40413513,Customer_715,758,France,Male,21,3,80932.71,3,1,1,102381.78,0
717,35329097,Customer_716,575,Spain,Female,40,0,191298.46,1,1,0,70421.81,1
718,22243026,Customer_717,681,Germany,Female,59,8,35790.34,3,0,1,116904.43,0
719,66024141,Customer_718,519,Spain,Male,37,3,164429.04,1,0,1,148963.68,0
720,85356616,Customer_719,358,Spain,Female,32,8,160392.14,3,0,1,102264.86,0
721,27864557,Customer_720,812,Germany,Male,67,5,6392.45,2,1,1,17063.78,0
722,16195200,Customer_721,389,France,Male,69,0,196992.53,3,0,0,24638.8,1
723,81086130,Customer_722,374,Spain,Male,62,2,225812.03,3,0,1,133340.57,1
724,63363404,Customer_723,610,Spain,Male,46,1,66853.82,1,1,0,83849.43,0
725,94729603,Customer_724,744,Germany,Female,25,8,203097.68,1,1,1,125477.2,0
726,52489277,Customer_725,792,France,Female,58,0,20601.49,1,0,1,129925.73,0
727,23832640,Customer_726,575,Spain,Female,65,8,149991.96,1,0,1,139874.44,1
728,76360176,Customer_727,821,Germany,Male,36,8,121411.72,1,0,1,142976.09,0
729,40061031,Customer_728,473,Spain,Female,65,7,136480.88,1,0,0,87675.61,1
730,77201057,Customer_729,812,Germany,Female,56,7,231551.3,2,1,1,57742.82,1
731,71902171,Customer_730,387,France,Male,63,0,217828.81,3,1,0,144661.08,1
732,90197726,Customer_731,677,France,Male,45,7,196270.91,3,0,1,86636.9,0
733,95072967,Customer_732,600,France,Female,63,9,68424.61,3,0,1,18995.38,0
734,75812633,Customer_733,738,France,Male,44,2,227954.66,2,0,1,99988.72,0
735,97220897,Customer_734,525,Spain,Male,21,6,24376.92,3,1,0,92275.87,0
736,42043445,Customer_735,439,Spain,Male,32,0,213332.3,2,0,1,135411.0,0
737,91052418,Customer_736,751,France,Male,52,0,82040.02,2,0,1,101446.21,0
738,96601594,Customer_737,803,France,Female,54,9,13443.08,2,1,1,58867.34,0
739,46213003,Customer_738,386,France,Male,18,4,167339.25,3,1,1,145271.6,0
740,26689088,Customer_739,665,Spain,Male,20,4,57819.98,2,0,1,122226.73,0
741,98720437,Customer_740,525,France,Male,64,7,60892.78,3,0,0,98258.47,1
742,17102173,Customer_741,810,France,Male,41,6,76511.79,3,1,0,51009.53,0
743,55388538,Customer_742,633,France,Male,44,7,15921.19,1,0,1,62295.64,0
744,48720111,Customer_743,802,Germany,Male,57,5,44281.79,1,0,1,103795.79,0
745,58515838,Customer_744,810,France,Male,53,5,1284.91,2,1,0,20077.31,1
746,71356950,Customer_745,430,Germany,Male,51,1,111352.38,2,1,1,45935.28,1
747,32064334,Customer_746,463,Germany,Female,46,5,21063.84,3,1,0,109946.13,0
748,24681316,Customer_747,389,France,Male,41,4,170663.15,2,0,1,77202.59,0
749,71681549,Customer_748,650,Germany,Female,41,2,58905.71,2,1,1,66335.1,0
750,81209537,Customer_749,573,France,Male,59,5,235893.54,3,1,0,31204.07,1
751,58840101,Customer_750,667,Spain,Male,21,7,217812.91,2,0,1,71858.86,0
752,72468859,Customer_751,698,Spain,Male,20,8,72360.22,2,0,0,117896.88,0
753,60305761,Customer_752,464,Spain,Male,51,0,195803.86,3,1,0,46961.8,1
754,39367077,Customer_753,535,Spain,Female,66,2,200811.23,3,1,0,10755.8,1
755,71580593,Customer_754,672,Germany,Male,40,2,246640.78,1,0,1,103590.69,0
756,60011985,Customer_755,405,France,Male,69,7,149460.0,3,0,0,146167.72,1
757,84062621,Customer_756,389,France,Female,40,0,20491.43,1,1,0,94955.72,0
758,42843745,Customer_757,703,France,Female,62,4,161709.31,2,1,1,26789.06,1
759,29350835,Customer_758,389,Spain,Male,22,2,156244.94,3,0,1,54902.63,0
760,79562616,Customer_759,696,Spain,Female,48,1,159587.64,3,1,1,131469.83,0
761,70084389,Customer_760,810,France,Female,58,7,76786.41,3,0,1,42559.53,0
762,67597408,Customer_761,586,Spain,Female,23,2,214919.9,2,1,1,95077.43,0
763,20320855,Customer_762,638,France,Male,54,6,239868.05,1,0,1,66373.97,1
764,28130254,Customer_763,611,France,Male,27,0,54428.13,2,0,0,39098.12,0
765,81766557,Customer_764,565,France,Male,57,5,22038.04,2,1,1,123876.97,0
766,89945266,Customer_765,496,France,Female,24,2,48633.76,3,1,0,113996.38,0
767,53558992,Customer_766,685,France,Male,56,7,205138.03,1,0,1,102622.75,1
768,61628164,Customer_767,517,France,Female,55,5,169161.16,2,1,0,43087.12,1
769,75377052,Customer_768,441,France,Male,38,1,159011.84,3,1,0,23699.98,1
770,97349431,Customer_769,702,Spain,Male,37,5,100448.28,2,1,1,90662.31,0
771,91251088,Customer_770,408,France,Female,20,6,144456.99,2,0,1,87514.9,0
772,45409403,Customer_771,408,France,Male,68,4,76968.53,3,1,0,36373.9,1
773,26045907,Customer_772,653,Spain,Female,39,2,119300.02,3,1,1,17874.54,0
774,72754884,Customer_773,518,Spain,Female,64,3,198265.76,1,0,1,21299.18,1
775,58458273,Customer_774,618,Spain,Male,21,3,245310.4,2,1,0,148987.94,1
776,25734209,Customer_775,712,France,Female,45,5,233122.23,3,1,0,119701.75,1
777,79800140,Customer_776,394,Germany,Male,29,9,233466.49,3,0,0,139078.25,1
778,46081386,Customer_777,694,Germany,Male,55,0,100555.93,1,0,1,37307.66,1
779,83658410,Customer_778,530,Spain,Female,68,3,117197.47,1,1,1,144479.6,1
780,67395058,Customer_779,519,Germany,Male,53,9,176408.85,3,1,1,29971.61,1
781,35827438,Customer_780,705,Spain,Female,64,3,230547.98,1,0,1,81271.46,1
782,26663288,Customer_781,540,France,Male,58,9,35498.56,3,0,0,126157.4,1
783,23081782,Customer_782,504,Germany,Male,22,0,76060.47,2,1,1,58972.47,0
784,69387253,Customer_783,771,France,Male,30,8,34811.71,1,1,0,69475.99,0
785,53669391,Customer_784,537,Germany,Male,40,3,153002.13,2,1,1,27945.92,0
786,78181511,Customer_785,356,France,Male,67,6,76575.25,2,0,1,27209.06,0
787,48660995,Customer_786,482,Germany,Female,47,2,81526.96,2,1,0,96739.55,0
788,18234679,Customer_787,584,France,Female,54,9,17728.99,3,0,1,104574.53,0
789,33240984,Customer_788,394,France,Female,42,2,87449.02,2,0,1,118826.55,0
790,32383810,Customer_789,663,Germany,Female,65,7,215624.13,2,0,0,87935.49,1
791,75438362,Customer_790,598,France,Female,44,7,58268.2,2,1,1,100406.3,0
792,58566364,Customer_791,848,France,Female,68,0,173796.87,3,1,0,11892.42,1
793,28727583,Customer_792,380,France,Male,31,9,157407.09,2,1,0,32703.9,1
794,79019569,Customer_793,372,Germany,Male,65,1,215871.15,2,0,0,147888.07,1
795,45156028,Customer_794,775,Germany,Female,64,7,33071.99,1,1,0,20639.09,1
796,30568697,Customer_795,743,France,Female,53,0,244397.49,3,0,1,105030.35,1
797,31900338,Customer_796,509,France,Male,56,7,145657.16,2,0,1,34651.57,1
798,51311634,Customer_797,712,Germany,Male,33,7,248868.54,1,0,1,110340.6,0
799,49902996,Customer_798,786,Germany,Male,39,1,227878.68,3,0,0,108838.66,1
800,64481924,Customer_799,507,France,Female,38,3,55379.32,3,0,1,42787.87,0
801,15723601,Customer_800,388,France,Female,38,5,14040.5,3,0,1,47748.82,0
802,26618153,Customer_801,764,France,Female,25,8,63909.77,3,1,1,101667.9,0
803,99165628,Customer_802,431,Spain,Male,66,7,131890.91,3,0,1,64612.05,1
804,12382357,Customer_803,705,Germany,Male,33,7,42899.09,3,1,0,37236.72,0
805,85012933,Customer_804,607,Spain,Female,48,6,41864.94,2,0,0,112435.14,0
806,23630084,Customer_805,555,Germany,Female,59,8,115648.39,2,1,1,31580.65,1
807,62576779,Customer_806,426,Germany,Male,27,1,8316.99,2,1,0,129790.11,0
808,90890201,Customer_807,826,Germany,Male,49,2,30472.02,2,1,1,82053.73,0
809,92537517,Customer_808,361,Germany,Male,51,9,103965.33,1,1,1,24798.08,1
810,98132129,Customer_809,644,Germany,Male,26,7,15782.48,2,0,1,107170.13,0
811,26099248,Customer_810,799,Germany,Female,34,5,99188.76,3,0,0,82682.83,0
812,24677069,Customer_811,573,Germany,Male,28,9,118501.57,2,0,1,51728.06,0
813,85589337,Customer_812,362,Spain,Male,49,8,112816.65,2,0,0,69155.51,1
814,22433196,Customer_813,395,France,Male,27,9,217293.71,3,1,0,51767.28,1
815,49010202,Customer_814,504,France,Female,39,3,132515.61,2,1,1,46823.62,0
816,44626632,Customer_815,462,Spain,Female,34,7,116995.12,2,1,0,32905.18,1
817,87998328,Customer_816,582,Spain,Male,21,9,102677.31,2,0,0,60787.4,1
818,63237806,Customer_817,366,Spain,Male,65,2,204405.84,1,1,1,45138.21,1
819,22457080,Customer_818,709,Spain,Male,69,2,223764.15,2,0,0,105680.83,1
820,11222869,Customer_819,572,Germany,Female,64,7,213310.62,3,1,0,105742.74,1
821,92716910,Customer_820,703,France,Female,42,4,168386.64,3,1,1,80257.63,0
822,60066487,Customer_821,537,Germany,Female,38,2,34340.44,2,1,1,118912.23,0
823,13125354,Customer_822,797,France,Male,54,9,69217.49,2,1,0,127787.56,1
824,72802750,Customer_823,693,France,Female,55,0,11515.77,2,1,1,91167.3,0
825,19818159,Customer_824,714,Spain,Male,66,2,232706.02,3,0,1,96650.92,1
826,21145552,Customer_825,512,Germany,Male,18,8,165199.63,3,1,0,49604.03,1
827,25152994,Customer_826,845,Spain,Male,42,4,186590.72,1,0,0,135281.69,1
828,85191987,Customer_827,675,Germany,Female,68,9,77892.93,1,0,1,13388.85,0
829,32937902,Customer_828,816,France,Male,53,1,211413.38,1,0,0,58804.35,1
830,86415031,Customer_829,763,Spain,Female,34,6,64900.82,3,0,1,111052.06,0
831,77744469,Customer_830,804,Spain,Female,58,1,410.94,1,0,1,21212.53,0
832,84588685,Customer_831,423,France,Male,41,3,94103.74,2,0,0,35643.73,0
833,52758171,Customer_832,582,France,Male,19,6,142690.37,2,0,0,92500.0,1
834,10067661,Customer_833,573,France,Female,57,3,119676.21,3,0,1,88399.11,1
835,17585153,Customer_834,831,Spain,Male,32,6,215519.04,1,1,1,113449.96,0
836,33335437,Customer_835,668,Germany,Female,49,6,26351.32,2,1,1,123765.77,0
837,20466615,Customer_836,761,Spain,Male,56,0,138455.86,3,0,1,28001.14,1
838,44861938,Customer_837,409,Germany,Female,23,5,128244.84,1,0,0,12573.34,1
839,96787694,Customer_838,684,Spain,Female,18,8,70348.25,2,0,1,106549.39,0
840,12966422,Customer_839,571,Spain,Female,64,1,205557.03,1,1,0,52194.85,1
841,60154221,Customer_840,386,France,Female,40,2,188212.16,3,1,0,97637.75,1
842,13708654,Customer_841,826,Germany,Male,56,9,183214.8,1,0,1,31076.24,1
843,67647084,Customer_842,627,Spain,Male,34,4,219048.12,3,0,0,75665.61,1
844,52573305,Customer_843,545,Spain,Female,51,8,180696.15,1,1,0,80619.46,1
845,54653349,Customer_844,753,France,Female,58,3,57960.32,2,1,1,91910.89,0
846,15872354,Customer_845,701,France,Male,46,0,176390.68,3,0,0,81843.8,1
847,57756479,Customer_846,833,Germany,Male,26,3,76925.7,3,0,0,79396.71,0
848,92649048,Customer_847,591,Spain,Male,30,5,60543.66,3,0,1,56582.78,0
849,90123510,Customer_848,673,Germany,Male,23,4,18250.9,1,0,1,19965.23,0
850,19810404,Customer_849,568,Spain,Male,23,0,186007.15,1,1,1,22532.83,0
851,96205129,Customer_850,541,Germany,Male,37,3,177750.24,2,1,1,70728.96,0
852,16292518,Customer_851,366,France,Female,69,5,58624.87,3,0,1,59811.04,0
853,51142200,Customer_852,361,Spain,Male,20,9,187344.75,3,0,1,82258.87,0
854,74413145,Customer_853,755,Germany,Male,34,9,229460.22,1,0,1,52677.34,0
855,27547389,Customer_854,750,France,Female,66,3,27007.24,1,1,0,106307.41,1
856,72132760,Customer_855,743,France,Male,29,8,58159.16,2,0,0,130953.68,0
857,76689168,Customer_856,723,Germany,Male,65,4,187565.2,2,0,1,51840.85,1
858,32419480,Customer_857,542,Spain,Male,64,7,68626.67,1,0,0,37017.76,1
859,58766345,Customer_858,371,Spain,Male,62,8,156165.99,3,1,0,26265.28,1
860,44021442,Customer_859,823,France,Male,18,9,20291.06,2,0,1,96275.57,0
861,56523537,Customer_860,469,Spain,Female,34,4,113050.62,1,1,0,72139.84,1
862,35153646,Customer_861,559,Spain,Male,20,5,184772.86,1,0,1,36322.2,0
863,87620693,Customer_862,655,Spain,Female,43,0,171628.49,3,0,0,101439.14,1
864,18411883,Customer_863,619,France,Female,32,6,203768.03,1,0,1,30787.65,0
865,21082322,Customer_864,541,Germany,Male,53,3,219363.03,1,1,0,87602.1,1
866,26203305,Customer_865,524,Spain,Female,49,1,193295.88,2,0,0,83800.77,1
867,20848680,Customer_866,634,France,Male,49,4,167896.94,1,0,0,112791.89,1
868,93031557,Customer_867,553,France,Female,21,2,7930.62,1,1,1,17715.35,0
869,99838873,Customer_868,513,Germany,Female,35,5,133741.67,2,1,0,134302.21,1
870,69292991,Customer_869,600,Spain,Male,66,7,9424.43,3,1,0,108418.84,1
871,45555041,Customer_870,576,Spain,Male,36,6,202016.95,3,0,1,40257.64,0
872,63028791,Customer_871,785,Germany,Male,60,2,80181.13,2,1,1,35676.75,0
873,86301164,Customer_872,730,Germany,Male,69,7,140607.34,2,0,0,70432.43,1
874,86658629,Customer_873,809,France,Male,52,1,69861.33,3,1,0,124459.15,1
875,61646180,Customer_874,356,France,Female,57,9,195625.04,3,1,0,128013.0,1
876,89357216,Customer_875,378,Germany,Female,31,8,221625.63,3,1,0,82863.85,1
877,42359860,Customer_876,744,Spain,Female,50,3,99660.62,3,0,1,130513.52,0
878,44499221,Customer_877,382,France,Female,31,0,215730.6,3,0,0,10762.12,1
879,38272916,Customer_878,483,France,Female,51,7,66768.75,2,0,0,14924.45,1
880,91861231,Customer_879,716,Spain,Female,21,6,133665.23,1,0,1,137655.02,0
881,29032579,Customer_880,428,France,Female,41,4,214690.36,3,0,0,118546.47,1
882,40354781,Customer_881,765,Spain,Male,46,9,81470.34,3,0,0,73098.85,0
883,26514877,Customer_882,784,Spain,Male,36,4,238510.57,1,0,0,115505.42,1
884,83545310,Customer_883,808,Spain,Female,23,6,30469.88,1,0,1,143789.52,0
885,86165878,Customer_884,407,Germany,Female,50,4,4568.77,1,0,1,118092.53,0
886,97554946,Customer_885,820,Germany,Male,66,7,226033.84,1,1,0,127931.99,1
887,88350878,Customer_886,375,Germany,Male,57,5,17162.17,1,1,0,116484.92,1
888,27810471,Customer_887,831,Spain,Male,36,4,247972.3,1,0,1,33549.55,0
889,50636644,Customer_888,779,Spain,Male,18,8,237849.22,2,0,0,126700.38,1
890,68534435,Customer_889,575,Germany,Female,22,1,34255.23,1,0,0,37315.23,0
891,88550238,Customer_890,634,France,Male,44,0,134396.16,1,0,1,134965.59,0
892,67975251,Customer_891,353,Spain,Female,33,7,46230.07,2,1,1,74210.99,0
893,13094235,Customer_892,814,France,Female,23,2,107038.79,1,1,1,104776.75,0
894,57870026,Customer_893,448,France,Female,57,6,15356.28,3,0,0,79613.72,1
895,32763342,Customer_894,746,Spain,Male,30,9,55981.15,3,1,0,23158.73,0
896,29636869,Customer_895,838,Spain,Male,65,7,90818.2,1,1,0,50701.12,1
897,37132021,Customer_896,388,France,Female,52,5,109661.88,2,0,0,147722.46,1
898,43942384,Customer_897,620,France,Female,36,9,244374.06,3,0,1,144500.07,0
899,72867959,Customer_898,724,Germany,Female,29,8,201966.41,2,0,0,54868.17,1
900,27807333,Customer_899,634,Germany,Male,33,6,184352.49,3,0,0,149481.55,1
901,63228466,Customer_900,506,Spain,Female,60,9,134260.33,1,1,1,128377.17,1
902,45912253,Customer_901,424,Germany,Male,27,4,209999.44,2,0,1,95534.33,0
903,26263882,Customer_902,721,Germany,Female,42,7,84830.71,2,1,0,15617.45,0
904,49138695,Customer_903,637,Germany,Female,37,1,177224.78,2,0,1,136202.56,0
905,43799193,Customer_904,479,Germany,Female,48,6,248445.99,3,1,1,88040.1,0
906,93721515,Customer_905,524,France,Male,21,3,78657.23,3,0,0,131586.66,0
907,85495044,Customer_906,811,Spain,Male,61,8,168504.38,3,0,0,126820.08,1
908,58014453,Customer_907,433,Germany,Female,40,0,211078.72,1,1,0,126620.87,1
909,92405138,Customer_908,371,France,Male,19,6,228951.9,3,1,0,107744.34,1
910,61569363,Customer_909,808,France,Female,39,5,179483.17,1,1,1,50798.12,0
911,42686304,Customer_910,376,France,Male,68,7,70901.98,2,0,1,57062.44,0
912,85149843,Customer_911,544,Germany,Male,54,4,81570.54,2,1,0,53185.69,1
913,94740096,Customer_912,686,Germany,Male,25,0,5189.51,1,1,0,12806.44,0
914,82456281,Customer_913,731,Spain,Female,24,0,190221.49,3,1,1,91559.65,0
915,86362381,Customer_914,585,Germany,Male,31,8,10684.9,1,1,0,107836.71,0
916,41699263,Customer_915,789,Germany,Male,20,9,216163.09,2,1,0,129541.24,1
917,90480036,Customer_916,441,France,Female,67,5,29665.15,2,1,0,29623.16,1
918,36216317,Customer_917,826,Spain,Female,33,9,42969.13,1,1,0,86185.64,0
919,63215075,Customer_918,370,Germany,Female,36,4,119131.62,3,1,1,11121.14,0
920,44970444,Customer_919,652,Germany,Female,68,0,184470.1,3,1,0,23313.11,1
921,15752810,Customer_920,813,France,Male,35,5,34750.55,1,0,1,17589.64,0
922,10571650,Customer_921,706,France,Male,69,5,110017.77,1,0,0,111566.92,1
923,98362656,Customer_922,792,Germany,Male,33,2,120712.82,3,1,0,21348.34,1
924,82017911,Customer_923,433,Spain,Male,25,7,53071.41,2,0,1,110303.42,0
925,50435721,Customer_924,611,Spain,Male,50,0,28889.59,1,0,0,44947.46,0
926,84531076,Customer_925,496,France,Female,66,0,209105.23,3,1,1,132879.81,1
927,13757974,Customer_926,790,France,Male,29,5,125616.41,3,1,0,123841.0,1
928,85900553,Customer_927,802,Germany,Male,28,9,3595.31,2,1,0,144096.23,0
929,71119361,Customer_928,736,France,Male,22,0,200745.33,2,1,0,133726.68,1
930,52321932,Customer_929,606,Germany,Female,44,5,245198.45,2,1,0,140666.12,1
931,29931456,Customer_930,407,Spain,Female,29,0,151481.55,2,1,0,130223.94,1
932,69376958,Customer_931,729,Spain,Male,34,5,125927.1,2,0,1,107073.47,0
933,21643208,Customer_932,771,Germany,Female,23,2,219603.97,1,1,1,33836.28,0
934,53928336,Customer_933,364,France,Female,50,7,238129.2,3,0,0,48039.05,1
935,18112074,Customer_934,511,Spain,Female,22,5,188634.23,1,1,0,39781.78,1
936,28967438,Customer_935,794,France,Female,45,0,111363.23,1,1,1,94502.01,0
937,22138391,Customer_936,512,Spain,Female,31,4,148055.35,1,0,1,80506.79,0
938,63050917,Customer_937,669,Germany,Female,22,7,175233.84,1,1,0,131391.2,1
939,34012790,Customer_938,846,Germany,Female,50,2,48568.39,1,1,0,143374.2,0
940,66004002,Customer_939,630,Germany,Male,67,5,111800.26,2,0,1,66680.38,1
941,31982813,Customer_940,629,Spain,Male,65,4,207455.32,2,1,0,80889.08,1
942,65616606,Customer_941,361,France,Female,58,5,163681.34,3,0,1,146012.29,1
943,39967940,Customer_942,623,France,Male,36,9,102801.02,1,1,0,48673.45,1
944,87822269,Customer_943,620,France,Male,39,0,165840.63,3,1,1,120934.71,0
945,19742257,Customer_944,841,Spain,Female,22,6,29555.6,2,0,1,41533.59,0
946,62044151,Customer_945,557,Spain,Male,19,8,100374.4,2,1,0,105404.42,1
947,13609736,Customer_946,376,Spain,Female,47,1,198282.13,2,0,1,45506.19,0
948,85169697,Customer_947,421,Spain,Female,64,9,55127.2,1,0,0,133722.67,1
949,28161634,Customer_948,409,Spain,Female,56,4,46490.38,1,0,0,88606.91,1
950,27163810,Customer_949,779,France,Male,21,9,237704.66,2,1,0,36030.71,1
951,96755840,Customer_950,822,Spain,Male,50,3,52474.41,3,1,0,41411.68,0
952,22225855,Customer_951,494,Spain,Male,30,5,65229.64,3,0,1,79138.89,0
953,61424149,Customer_952,442,France,Male,37,5,242403.98,2,1,0,144624.28,1
954,82347195,Customer_953,658,Spain,Female,24,1,183677.14,3,1,0,117749.9,1
955,11135964,Customer_954,357,France,Female,32,1,174899.13,2,1,0,78363.35,1
956,73446855,Customer_955,428,France,Male,40,3,213231.6,3,0,0,57280.68,1
957,76318090,Customer_956,376,Germany,Female,31,0,28955.77,2,1,1,86897.59,0
958,70203880,Customer_957,523,Germany,Female,40,8,176489.06,3,0,0,114770.52,1
959,12155748,Customer_958,399,Germany,Male,36,6,125922.15,1,1,1,119750.0,0
960,70676365,Customer_959,849,Germany,Female,46,6,207287.66,2,1,1,55445.23,0
961,88542651,Customer_960,548,Spain,Male,37,2,127035.43,2,0,1,110962.3,0
962,41808285,Customer_961,736,Germany,Female,46,2,155060.34,3,1,0,102090.43,1
963,64256930,Customer_962,698,France,Male,41,0,119435.53,2,0,0,144275.72,1
964,44427604,Customer_963,797,Spain,Female,35,2,119539.73,2,1,0,140352.64,1
965,18910852,Customer_964,777,Germany,Female,27,2,191992.49,2,0,0,120513.11,1
966,82764242,Customer_965,530,France,Male,58,3,157141.6,1,1,1,111275.26,1
967,48428026,Customer_966,373,Spain,Male,25,3,158315.8,1,1,1,48365.82,0
968,47617741,Customer_967,665,Spain,Male,43,2,112570.62,3,1,0,128435.14,1
969,16941245,Customer_968,727,Germany,Male,46,9,132777.37,1,0,0,69850.8,1
970,74770179,Customer_969,736,Spain,Female,27,7,186429.42,3,0,0,48113.68,1
971,25876696,Customer_970,753,France,Female,34,7,206485.23,1,0,0,63782.51,1
972,19451244,Customer_971,395,Spain,Male,19,0,174140.35,3,1,0,127030.97,1
973,84926168,Customer_972,364,France,Female,23,6,231018.25,1,0,0,30808.65,1
974,27606951,Customer_973,502,Spain,Male,22,1,205081.02,1,0,0,73862.22,1
975,72056263,Customer_974,571,Germany,Male,45,0,140465.95,3,0,1,78930.06,0
976,17021862,Customer_975,555,France,Female,58,2,167851.52,2,0,1,15128.16,1
977,18351245,Customer_976,804,Spain,Female,22,3,231577.07,2,0,1,37404.44,0
978,96448549,Customer_977,622,Spain,Male,35,5,154792.01,1,0,1,125743.94,0
979,46640608,Customer_978,731,Spain,Male,43,9,206201.74,3,0,0,126307.43,1
980,15345854,Customer_979,585,France,Male,37,4,172202.63,2,0,0,50938.11,1
981,21683982,Customer_980,689,France,Female,58,3,137984.09,3,0,0,132485.61,1
982,74365536,Customer_981,577,France,Female,66,7,60459.55,2,0,0,118049.61,1
983,67821848,Customer_982,358,Germany,Female,44,3,106499.38,3,1,0,68507.05,1
984,59875088,Customer_983,515,Germany,Female,66,9,241935.71,1,1,1,114776.89,1
985,80790126,Customer_984,781,France,Male,29,1,164441.35,3,0,0,144586.85,1
986,48187510,Customer_985,793,Spain,Male,24,2,141098.85,2,1,1,74255.76,0
987,12609089,Customer_986,668,Germany,Male,20,5,233239.16,1,1,0,43379.81,1
988,62840397,Customer_987,563,France,Male,27,7,146627.95,3,0,1,141854.31,0
989,27691444,Customer_988,466,Spain,Male,51,7,131520.63,2,0,0,94524.2,1
990,10953959,Customer_989,735,Germany,Male,42,8,189827.71,1,0,1,24737.12,0
991,54132455,Customer_990,693,Spain,Female,52,6,178166.4,3,1,0,90175.59,1
992,59818662,Customer_991,421,Spain,Female,33,1,48290.0,2,0,0,80081.32,0
993,20016389,Customer_992,744,Spain,Male,19,7,117827.07,3,1,0,129782.45,1
994,97255618,Customer_993,413,Spain,Male,41,6,118128.86,3,0,0,84297.33,1
995,21630982,Customer_994,554,Germany,Female,27,7,94556.13,1,1,1,45732.54,0
996,60676914,Customer_995,558,Germany,Female,55,2,129323.37,1,1,0,104590.17,1
997,36704425,Customer_996,421,Germany,Female,39,6,103276.85,2,0,1,85960.56,0
998,71298111,Customer_997,626,France,Female,43,9,49836.37,1,0,0,42626.25,0
999,55014515,Customer_998,623,Germany,Male,60,8,103091.62,2,1,1,90307.9,1
1000,64869006,Customer_999,827,Spain,Male,56,2,18069.24,3,1,0,125014.98,1
